//origem,destino,dist√¢ncia (anos luz), energia(GJ) e tempo de viagem(dias)
Vindemiatrix,Eltanin,516.36,2108.12,385.9
Unukalhai,Kochab,655.25,3466.66,395.4
Markab,Arcturus,699.39,435.27,380.5
TRAPPIST1e,Zubenelgenubi,629.81,481.56,216.2
Andromeda,Mizar,637.7,279.88,317.7
Nashira,Lesath,361.7,204.55,438.9
Kochab,Castor,626.75,3421.81,177.2
Meissa,Wolf359,533.62,2277.26,200.6
Elnath,Yildun,902.78,4740.77,307.5
Scheat,Yildun,265.99,1537.52,473.3
Maasym,Terebellum,860.47,4018.58,263.4
Orion,Castor,548.27,1057.83,64.9
Vega,Vindemiatrix,740.06,2753.7,321.2
Aldebaran,Fomalhaut,763.57,4435.91,238.7
Alphard,Zubeneschamali,939.7,818.83,307.4
EtaCarinae,Gacrux,144.73,2545.35,50.3
TRAPPIST1e,Rastaban,705.41,3097.65,137.3
Lesath,Phoenix,571.96,679.93,226.0
Almach,TRAPPIST1e,625.83,533.85,245.5
Betelgeuse,Arcturus,59.5,1842.05,432.1
Maasym,Luyten,330.72,4049.74,10.2
Rasalhague,Betelgeuse,456.27,674.49,231.1
Wasat,Kochab,878.3,696.36,410.5
Fomalhaut,Kepler22b,662.68,1294.33,252.8
Sabik,Mirach,171.71,50.36,207.0
Aldebaran,Izar,584.75,2060.84,46.8
Elnath,Taurus,943.45,240.56,339.9
Luyten,Mirach,648.04,1157.16,301.8
KausAustralis,Pollux,76.21,1047.16,15.5
TRAPPIST1e,Pollux,578.37,4873.73,346.4
Rastaban,Orion,420.39,4358.1,203.0
Mirfak,AlphaCentauri,558.02,2512.01,451.8
Lesath,TRAPPIST1e,518.13,910.15,239.3
Kepler22b,ZetaReticuli,466.73,2577.3,417.3
BarnardsStar,Alhena,493.16,1548.42,426.4
Izar,Luyten,225.94,2831.69,412.7
Terebellum,Mimosa,146.4,4875.94,381.7
Mirach,Capella,611.28,349.75,267.5
Lesath,Nunki,866.8,3215.58,246.4
Ankaa,Cygnus,640.1,4495.81,129.2
Achernar,Sabik,656.09,2676.67,41.7
Fomalhaut,Taurus,564.14,1441.73,298.3
Alphard,Mimosa,300.86,1598.75,133.2
Altair,Alnitak,251.15,3563.85,358.4
Polaris,Lyra,98.23,1535.52,380.4
Hydra,Cygnus,209.38,2226.94,288.1
Canopus,Gacrux,898.92,4902.49,302.0
ZetaReticuli,Alphard,367.75,2905.43,76.3
ProximaCentauri,Nunki,909.88,436.19,341.8
Hydra,Kochab,283.96,1244.37,137.7
Sadr,Hamal,685.82,1784.51,464.4
Unukalhai,Arcturus,355.32,4763.63,343.4
Zubenelgenubi,Alcor,412.2,333.14,402.2
Alcor,Sirius,235.22,2097.4,47.0
KausAustralis,Terebellum,953.62,2783.59,481.3
Spica,Nunki,244.94,3321.51,258.8
Wolf359,Andromeda,905.2,866.73,64.8
TRAPPIST1e,Cygnus,311.72,869.8,191.1
Hamal,Alhena,6.91,2649.27,145.3
Pegasus,Errai,925.35,932.7,183.2
Markab,Enif,464.81,260.01,183.6
Arcturus,Gacrux,305.22,3524.41,400.5
Zubeneschamali,Mirfak,300.36,4838.46,120.2
Phoenix,Aldebaran,11.8,2874.47,215.3
Maasym,Sabik,215.73,3217.22,241.7
Fomalhaut,Hamal,43.88,2834.57,74.0
Spica,Sadr,10.1,3422.74,151.8
Rigel,Thuban,39.36,1376.21,494.7
Fomalhaut,Enif,462.69,831.61,290.9
Orion,Lyra,842.17,494.45,296.1
Merak,Mirach,54.39,3780.42,27.9
ZetaReticuli,Lesath,424.27,750.85,136.6
Sabik,Hamal,408.1,3716.27,31.7
Alphard,Spica,142.22,1134.06,315.5
Rastaban,Vega,307.4,2399.89,497.4
Castor,Sadr,829.43,1886.54,12.8
Andromeda,Polaris,210.63,3386.2,304.0
Canopus,Maasym,429.94,2755.71,489.6
EtaCarinae,Kochab,311.8,2033.03,380.1
Fomalhaut,Canopus,103.01,445.73,77.8
ProximaCentauri,Achernar,966.94,2917.16,11.9
Yildun,Izar,415.41,2463.83,255.9
Markab,Phoenix,495.35,683.16,295.0
Sabik,Caph,697.35,4973.2,252.4
Rasalhague,Saiph,813.41,255.22,197.1
KausAustralis,Nekkar,561.79,3373.43,155.4
Jabbah,Pollux,794.75,1140.35,437.2
ProximaCentauri,AlphaCentauri,472.21,2387.69,158.1
KausAustralis,Rasalhague,629.77,3446.23,347.6
Caph,Alhena,296.64,55.6,436.2
Orion,Mimosa,54.86,4500.9,41.9
Elnath,Luyten,976.07,272.64,404.4
Hamal,Wolf359,613.94,55.67,398.3
Vega,Fomalhaut,708.32,2776.81,182.7
Thuban,Hamal,383.91,1712.41,434.3
Nunki,Vega,232.33,2326.59,51.0
TRAPPIST1e,Elnath,535.97,3346.62,149.7
Nashira,Phoenix,373.06,3298.61,132.3
Almach,Castor,980.16,1254.54,326.9
Nekkar,Nunki,588.4,4377.76,327.8
Thuban,Elnath,986.97,4642.91,56.5
Castor,Lyra,40.95,3467.83,371.9
Alnitak,Vindemiatrix,952.96,4600.41,236.1
Unukalhai,Antares,273.73,1543.33,102.9
Alcor,Errai,623.81,1733.49,18.1
Errai,Jabbah,814.19,922.52,259.8
Rasalhague,KausAustralis,76.73,794.36,79.5
Rastaban,Mimosa,666.4,3705.05,41.7
Mirach,Sirius,658.71,2828.42,335.3
Nunki,Jabbah,18.99,473.73,139.0
ZetaReticuli,Vindemiatrix,921.81,3227.87,393.2
Pegasus,Cygnus,710.4,2985.4,393.2
Vindemiatrix,Alkaid,917.53,3886.57,367.6
Alcor,Orion,150.06,738.57,103.3
Sirius,Canopus,192.81,148.12,240.1
Gliese581g,Draco,392.63,4324.59,389.1
Eltanin,Rastaban,932.64,313.96,322.1
Dubhe,Elnath,634.63,3471.01,224.7
Polaris,AlphaCentauri,18.63,2341.94,165.2
AlphaCentauri,Andromeda,570.97,169.91,74.8
Elnath,Ankaa,400.68,4138.14,247.2
Canopus,Errai,298.89,4774.18,295.1
Mirfak,TRAPPIST1e,709.37,797.63,389.5
Caph,Vega,795.6,4053.76,308.8
Castor,Cygnus,512.08,3516.14,304.1
ZetaReticuli,Polaris,762.32,129.61,452.8
Antares,AlphaCentauri,64.41,4412.5,159.0
Lyra,Dubhe,216.02,1321.98,294.7
Vega,Antares,421.0,4402.35,424.5
Gliese581g,Wolf359,638.7,3011.21,191.1
Andromeda,Zubeneschamali,198.54,348.92,454.8
Caph,Phoenix,645.27,3118.04,187.1
Thuban,ProximaCentauri,872.25,1078.96,263.1
Altair,Scheat,814.01,2735.73,489.0
Vega,Jabbah,547.15,3140.74,390.1
AlphaCentauri,Pollux,149.02,1161.24,477.6
Arcturus,Mirach,639.91,2429.09,217.0
KausAustralis,AlphaCentauri,228.7,3789.47,74.4
Hydra,Canopus,194.5,1886.1,31.1
ProximaCentauri,Antares,679.07,3242.75,303.0
Hydra,Maasym,640.85,741.37,358.3
KausAustralis,Izar,145.4,1421.25,303.8
Vindemiatrix,Sadr,46.86,3530.28,459.4
Vega,ProximaCentauri,411.96,1781.08,283.7
Polaris,Errai,392.32,4477.42,48.9
Wolf359,BarnardsStar,338.91,3888.46,24.2
Altair,Luyten,764.25,3268.25,110.4
Terebellum,Spica,730.5,2386.25,335.2
Lyra,Hamal,705.23,4309.7,487.8
Scheat,Nekkar,583.83,4803.83,211.3
Fomalhaut,Aldebaran,899.46,4706.25,178.4
Orion,Alkaid,25.75,134.08,340.4
Hamal,Achernar,310.76,810.42,355.2
Antares,Mirach,797.78,1155.79,204.3
Merak,Mirfak,880.78,846.61,294.8
Mirfak,Kepler22b,204.85,4110.41,445.6
Lesath,ZetaReticuli,379.19,487.49,141.9
Mimosa,Errai,248.94,3308.84,271.3
Cassiopeia,Mimosa,731.74,4732.6,151.3
KausAustralis,Kepler22b,744.18,4114.5,329.2
Jabbah,Alcor,293.25,4598.93,404.3
Caph,Hamal,525.58,3943.12,273.1
Vega,Cygnus,946.23,1212.9,320.4
Wasat,Terebellum,762.0,3463.64,83.8
Sirius,Caph,272.19,2126.43,226.4
Sirius,Draco,371.6,3515.34,242.9
Pollux,EtaCarinae,386.93,3875.45,318.6
Markab,Canopus,194.94,1255.89,191.9
Zubeneschamali,Kochab,396.38,4661.12,11.5
Izar,Caph,772.87,3062.57,278.6
Taurus,Zubenelgenubi,636.13,3288.62,43.9
Menkar,Meissa,796.58,429.47,337.5
Zubenelgenubi,Rasalhague,516.01,2909.38,214.1
Menkar,Nekkar,42.38,4904.51,289.8
Antares,Saiph,495.12,2475.66,394.0
Capella,Alhena,592.63,2353.68,265.1
Meissa,Alnitak,869.03,2462.89,216.3
Alkaid,Rastaban,779.24,901.0,27.6
Almach,Markab,719.19,1811.27,441.7
BarnardsStar,Elnath,285.15,3209.7,36.7
Jabbah,Alkaid,734.9,2192.51,401.9
Almach,Andromeda,538.33,2472.99,63.3
Alcor,Meissa,629.6,1772.99,153.5
Altair,Alcor,717.0,3111.49,159.4
Canopus,Sabik,310.34,2395.12,273.4
Nunki,Alnitak,301.89,449.35,190.8
Taurus,Rastaban,542.99,4962.93,276.4
Sabik,Lesath,15.35,1773.89,404.4
Alnitak,Canopus,974.52,2333.13,209.6
Zubeneschamali,Mizar,476.45,2341.33,350.6
TRAPPIST1e,BarnardsStar,313.32,4433.14,261.5
Aldebaran,Spica,475.28,965.49,368.4
Luyten,Nunki,338.1,2855.73,359.7
Alnitak,Alcor,27.38,4450.27,247.7
Mimosa,Lyra,744.5,89.21,403.6
Almach,Saiph,652.68,2925.39,181.9
Kepler22b,Andromeda,111.61,87.18,490.0
Alkaid,AlphaCentauri,555.48,4754.93,279.9
Vindemiatrix,Spica,894.22,4100.27,55.5
Vega,ZetaReticuli,94.54,2959.46,67.3
Maasym,Bellatrix,13.42,4833.77,278.8
Vega,Altair,440.81,1252.76,349.7
Draco,Sirius,949.75,4962.32,416.5
Unukalhai,Mizar,615.98,769.73,93.8
Orion,Antares,206.86,662.55,99.2
Wasat,Alkaid,645.02,3453.74,140.7
Mimosa,Spica,53.13,4280.98,212.1
Vega,Cassiopeia,695.05,2724.55,457.9
Rasalhague,Rastaban,878.27,1801.5,154.3
Antares,Terebellum,141.65,4425.41,443.8
AlphaCentauri,Sirius,301.5,4907.4,229.0
Rastaban,Saiph,92.21,3630.52,242.0
Mirfak,Markab,836.37,1823.79,356.8
Mirfak,Kepler22b,14.01,4690.87,126.7
Izar,Cygnus,758.08,3819.44,446.6
Luyten,Canopus,69.04,3306.71,167.9
Sadr,Alhena,360.36,617.68,113.2
Fomalhaut,Pollux,803.6,1883.61,153.1
Jabbah,Zubeneschamali,914.95,3102.34,496.1
Rigel,Nekkar,695.99,2898.9,36.1
Betelgeuse,KausAustralis,27.9,123.21,240.4
Menkar,Rigel,5.37,273.54,289.2
Mizar,Mimosa,631.75,3767.52,206.1
Aldebaran,Draco,46.78,3959.42,208.1
AlphaCentauri,Scheat,819.69,2540.53,68.0
ZetaReticuli,Vindemiatrix,199.63,2540.63,270.9
Mizar,Arcturus,378.77,65.32,121.5
Deneb,Zubeneschamali,895.66,1294.75,404.9
Errai,Terebellum,205.2,797.74,158.0
Scheat,Orion,19.14,664.25,270.7
Sadr,Rastaban,310.71,2729.36,368.7
ZetaReticuli,Alphard,731.92,3531.28,193.0
Menkar,Yildun,134.14,2083.9,163.6
Deneb,Hydra,351.02,4660.14,58.9
Unukalhai,ProximaCentauri,517.04,1903.57,495.3
Orion,TRAPPIST1e,122.29,1059.05,327.6
Mirfak,Hydra,772.29,2906.4,265.7
Rigel,TRAPPIST1e,90.73,1441.15,93.3
Antares,Rastaban,835.01,4092.76,330.2
Mimosa,Menkar,869.72,1561.83,184.6
Rigel,Draco,213.11,157.18,436.4
ProximaCentauri,Taurus,561.54,579.24,32.8
Vindemiatrix,Alhena,387.91,3071.81,284.9
Fomalhaut,Phoenix,822.26,1225.52,93.4
Arcturus,Hamal,470.52,4439.93,369.3
Terebellum,Wolf359,788.82,3595.74,18.5
Hamal,Izar,510.25,4687.15,332.0
EtaCarinae,Thuban,665.42,3765.38,136.9
Arcturus,Hamal,963.75,2087.25,457.4
Cassiopeia,EtaCarinae,203.27,1347.38,72.0
Mimosa,Terebellum,124.36,146.55,163.0
Mirach,Andromeda,191.78,1858.11,45.1
Sabik,Ankaa,605.24,1184.67,246.0
Nashira,Phoenix,820.63,3137.14,378.9
Merak,Arcturus,129.58,239.74,318.0
Scheat,Zubeneschamali,318.02,4913.28,416.0
Markab,Vega,623.93,4446.45,50.2
Taurus,Canopus,871.6,1642.71,108.2
Bellatrix,Wasat,865.7,377.29,299.4
Gliese581g,Unukalhai,764.51,1117.47,341.2
Errai,Sadr,909.35,778.37,360.5
Markab,ZetaReticuli,735.33,345.33,277.0
Errai,Vega,458.96,95.39,68.5
Scheat,Enif,699.47,2983.79,315.4
Fomalhaut,Dubhe,578.32,2133.11,253.8
Nunki,Menkar,928.65,4801.27,468.1
Luyten,Merak,491.94,4523.67,283.9
KausAustralis,Jabbah,636.33,4833.09,45.9
Merak,Nunki,452.34,76.65,491.9
Sirius,Thuban,974.0,1980.06,39.3
Caph,Eltanin,879.55,1166.5,448.8
Arcturus,Achernar,449.37,4859.69,209.4
Aldebaran,KausAustralis,766.57,740.98,22.8
Rastaban,Yildun,761.04,4073.39,80.1
AlphaCentauri,Wasat,267.35,2445.54,379.5
Yildun,Luyten,498.34,227.95,246.3
Polaris,Spica,76.09,4524.32,249.2
Orion,Lyra,844.44,4811.6,422.7
Nashira,Rasalhague,427.59,4649.53,15.3
ZetaReticuli,KausAustralis,58.75,4491.06,117.9
Capella,Maasym,622.74,1954.42,171.0
Pegasus,Unukalhai,267.55,222.92,61.2
Spica,ProximaCentauri,848.81,2706.93,405.0
Aldebaran,Cassiopeia,568.73,612.89,39.8
Cygnus,Aldebaran,920.77,807.07,337.5
Kepler22b,Nekkar,104.87,1260.14,156.3
Alhena,Unukalhai,523.0,1466.79,127.6
Antares,Maasym,273.02,1172.65,437.2
Mirach,Orion,947.82,2919.58,308.7
Kochab,Bellatrix,606.47,2222.52,261.7
Gliese581g,Nunki,407.01,4758.01,179.2
Alkaid,Unukalhai,157.51,1017.75,155.6
Terebellum,Antares,22.69,3926.88,81.0
Aldebaran,Nunki,77.71,3257.94,371.7
Yildun,Altair,160.16,2089.82,96.8
Betelgeuse,Nunki,583.37,4989.52,153.5
Canopus,Hydra,948.73,4766.57,80.0
Hydra,Aldebaran,112.36,3943.03,72.0
Luyten,Betelgeuse,248.44,1381.59,315.8
EtaCarinae,Wasat,794.22,4526.74,433.1
KausAustralis,Pollux,945.66,3336.22,198.1
Elnath,Kepler22b,598.76,643.84,138.8
Antares,Canopus,555.26,3184.14,343.9
Kochab,Thuban,826.27,4957.5,143.4
Phoenix,Terebellum,587.69,4307.74,90.6
Achernar,Ankaa,388.3,2000.19,173.2
Gliese581g,Arcturus,662.47,175.54,57.4
Nekkar,EtaCarinae,984.32,1154.43,478.6
Achernar,Zubenelgenubi,362.03,3841.59,117.1
Elnath,TRAPPIST1e,439.39,4863.26,462.3
Sirius,Mirfak,260.16,4176.91,389.6
Hydra,Sirius,341.82,4778.25,75.8
Antares,Rasalhague,825.5,3112.73,155.7
TRAPPIST1e,Dubhe,514.93,2901.09,337.6
Pollux,Rastaban,975.96,2493.38,478.3
Andromeda,Hydra,607.21,4049.7,214.2
Lyra,Pollux,643.38,4783.6,429.2
Sirius,Spica,567.82,4327.69,218.3
ZetaReticuli,Mimosa,21.39,1309.08,278.8
Nashira,Vindemiatrix,503.85,965.09,287.4
Zubenelgenubi,Izar,9.14,1726.71,44.0
EtaCarinae,Vindemiatrix,677.49,3288.91,103.2
Sirius,Unukalhai,973.11,1620.05,65.7
ZetaReticuli,Nashira,551.91,589.31,190.8
Elnath,ProximaCentauri,837.27,2659.68,247.5
Hydra,Cassiopeia,615.17,4942.96,300.1
Altair,Fomalhaut,549.81,2038.48,106.9
Lesath,Betelgeuse,977.55,1788.59,430.8
Meissa,Sadr,318.54,108.46,78.5
Unukalhai,Jabbah,17.04,2873.34,330.3
Draco,Eltanin,749.42,3389.97,231.7
Aldebaran,Phoenix,130.98,823.56,246.7
EtaCarinae,Wolf359,167.11,332.45,320.9
Errai,Cassiopeia,804.37,1367.94,216.8
Menkar,Mirach,168.08,2574.5,176.2
ProximaCentauri,Kepler22b,448.6,4462.1,117.8
Jabbah,Gacrux,550.74,433.41,201.8
Orion,Izar,354.05,697.94,356.3
Izar,Thuban,244.82,1284.19,493.6
Deneb,Elnath,832.29,289.61,389.0
Mimosa,Markab,14.49,3037.64,128.5
Saiph,Caph,30.05,1518.58,495.0
Enif,Errai,678.52,228.45,251.9
ZetaReticuli,Achernar,142.84,105.85,273.1
Jabbah,Vindemiatrix,878.77,3689.0,415.9
Lyra,Rigel,99.94,262.69,68.2
Kepler22b,Rigel,503.21,1879.61,450.7
Vindemiatrix,Nekkar,50.05,4232.61,410.7
Cassiopeia,Alphard,974.42,1836.08,481.5
Caph,Rasalhague,139.88,208.65,77.3
Rasalhague,Phoenix,898.58,650.97,327.6
Unukalhai,Castor,932.11,1739.94,130.1
Pollux,Vega,336.85,108.34,290.3
Maasym,Mirfak,378.26,2343.65,444.7
Sadr,Alphard,372.64,4080.16,409.1
Canopus,Errai,6.11,2584.1,248.1
Capella,Markab,215.86,3780.03,10.1
Mirfak,Orion,917.19,4918.89,36.2
Gliese581g,Antares,739.19,547.96,274.7
ProximaCentauri,Yildun,413.69,3568.56,260.1
Nunki,Yildun,979.4,2018.19,224.1
Unukalhai,Cassiopeia,143.41,1460.39,94.5
Alphard,Mizar,746.1,1892.16,401.9
Jabbah,Scheat,877.85,2070.23,18.8
Polaris,KausAustralis,530.56,1204.05,74.1
Arcturus,Almach,347.14,4056.57,199.5
Polaris,Dubhe,777.25,79.21,353.2
Sadr,Caph,438.19,3702.83,361.7
Merak,Fomalhaut,849.45,234.26,498.0
Unukalhai,Cassiopeia,327.46,2329.08,113.2
ZetaReticuli,Fomalhaut,880.82,2114.59,274.1
Ankaa,Altair,858.32,1784.2,132.8
Deneb,Dubhe,207.14,3997.82,418.7
Markab,Rasalhague,155.04,3224.2,26.2
KausAustralis,Kepler22b,910.48,126.31,460.4
EtaCarinae,Vindemiatrix,162.76,1839.43,56.2
Cygnus,AlphaCentauri,645.17,4068.43,163.7
Cygnus,Kochab,468.09,4787.68,139.6
Zubenelgenubi,Almach,539.23,2658.48,492.7
KausAustralis,Vindemiatrix,274.62,2412.3,484.9
Phoenix,Alphard,659.36,3708.49,244.4
Betelgeuse,Enif,38.5,3914.19,369.7
Phoenix,Saiph,485.68,306.97,323.6
Zubenelgenubi,Elnath,627.73,1497.79,344.1
Izar,Spica,847.73,1421.6,144.3
Unukalhai,Mirfak,337.76,1027.34,318.8
Menkar,Nunki,455.09,4724.99,416.1
Andromeda,Taurus,328.54,2959.66,82.8
Wasat,Nashira,610.05,609.83,283.9
Terebellum,Aldebaran,857.02,1914.26,391.9
Nekkar,Antares,694.42,2618.52,24.9
Nekkar,Errai,463.22,1223.62,91.7
Betelgeuse,Orion,573.89,1155.29,393.3
Orion,Vega,746.77,1952.01,321.5
Alnitak,Mizar,917.81,3685.52,475.1
Gacrux,Nekkar,462.1,2234.16,116.4
Fomalhaut,Alcor,501.36,3344.1,141.4
Thuban,Sabik,706.89,4765.53,235.3
Alcor,Altair,779.84,2427.43,248.2
Kepler22b,Unukalhai,191.94,1684.89,406.7
Deneb,Pollux,851.82,756.31,18.0
Pollux,Rigel,415.36,4121.89,258.4
Rastaban,Enif,586.41,3477.26,296.6
Scheat,Alhena,771.54,233.59,209.4
Errai,Rastaban,216.7,227.41,263.5
Sabik,Wolf359,182.35,845.44,362.2
Spica,Saiph,885.96,3142.27,196.8
Deneb,Enif,369.04,2085.12,407.7
Capella,Lesath,659.12,2545.13,85.8
Luyten,Alnitak,641.32,4710.53,176.7
Mimosa,Hamal,826.73,3768.31,202.3
Vega,Orion,131.48,3749.2,423.2
EtaCarinae,Hydra,606.79,4672.19,120.6
Wasat,Hamal,599.35,3777.53,409.0
Vindemiatrix,Cassiopeia,523.27,3922.86,347.6
Rasalhague,TRAPPIST1e,38.37,4065.2,414.8
Sabik,Vega,205.81,1847.06,330.5
Gacrux,Betelgeuse,42.09,1216.47,287.7
Rasalhague,Nunki,394.83,3083.2,151.0
Jabbah,Mimosa,260.62,3903.78,112.3
Deneb,Taurus,126.9,4398.06,14.1
Rigel,Nunki,407.63,427.91,233.7
Aldebaran,Hydra,261.18,1519.08,223.2
Antares,Luyten,892.62,730.76,230.0
Rastaban,Mizar,48.5,276.43,131.2
Pollux,Hydra,68.14,1858.52,321.2
Alnitak,Nekkar,466.4,4951.99,423.1
Hydra,Alkaid,561.56,1900.89,302.4
Lesath,BarnardsStar,848.19,3717.27,498.3
Achernar,Andromeda,899.62,1350.66,362.5
Izar,Nashira,718.26,1720.67,102.3
Unukalhai,Jabbah,485.04,4080.61,398.9
Vindemiatrix,Rasalhague,344.56,4107.71,100.1
Deneb,Sadr,33.29,4451.75,413.8
Sirius,Maasym,199.58,4534.85,476.1
Maasym,Wolf359,204.92,1967.27,325.3
Markab,Antares,972.3,2869.68,328.8
Alnitak,Arcturus,753.87,1412.39,275.8
EtaCarinae,Alcor,296.43,1875.95,449.8
Ankaa,Lesath,287.95,1348.71,170.0
Wolf359,Gliese581g,291.16,552.71,256.4
Markab,Spica,953.9,1120.42,390.0
Lesath,AlphaCentauri,266.58,564.77,80.2
Bellatrix,KausAustralis,234.49,416.72,180.1
Wolf359,Saiph,23.2,4637.73,369.7
Errai,Alphard,666.59,1884.12,106.7
Cassiopeia,Gliese581g,583.25,313.13,14.2
Mirfak,Antares,199.32,186.78,148.6
Sirius,KausAustralis,120.14,3542.13,151.6
Sadr,Achernar,68.64,1353.74,162.8
Elnath,Unukalhai,969.58,4498.42,194.8
Draco,Mizar,758.3,2915.72,296.8
Nekkar,Eltanin,300.96,1089.08,331.1
Hamal,Zubeneschamali,592.08,322.8,303.1
Alnitak,Achernar,218.59,1547.24,419.6
Arcturus,Ankaa,379.14,694.14,265.8
EtaCarinae,Vega,878.11,2990.33,17.4
Scheat,Errai,131.82,3146.05,231.0
Thuban,Kochab,549.42,3148.72,236.5
Antares,Cassiopeia,27.8,705.98,336.1
Canopus,Wasat,86.3,4788.65,340.3
Rasalhague,Hydra,886.35,4314.2,285.7
Alphard,Pollux,15.11,4321.03,152.7
Sabik,ProximaCentauri,576.03,3557.12,137.9
Scheat,Hamal,26.27,3999.99,453.7
Thuban,Alkaid,372.37,2175.58,75.6
Orion,Antares,64.78,715.07,295.1
Unukalhai,Mirfak,714.36,3431.06,473.0
Mirfak,Kepler22b,263.48,2327.66,44.8
Sirius,Vega,795.53,3262.44,394.6
Draco,Cygnus,256.04,4699.71,222.6
Draco,Lyra,974.39,2744.99,405.3
Sabik,Phoenix,430.12,831.12,102.6
Nashira,Alphard,182.97,3268.84,379.4
Polaris,Gliese581g,82.43,2450.5,126.6
Sadr,Pollux,558.03,3592.39,430.4
Eltanin,Wasat,851.76,196.04,112.3
Antares,Capella,18.75,3316.05,368.2
Rastaban,Alkaid,116.55,2393.59,499.6
Elnath,Hydra,551.61,290.73,433.1
Mirach,Markab,30.46,4121.71,379.1
Lesath,Zubenelgenubi,100.47,3630.61,67.4
Hydra,ZetaReticuli,229.14,3089.14,124.4
Alkaid,Thuban,481.17,4498.81,172.9
Markab,Betelgeuse,209.21,4863.06,168.9
Yildun,Alphard,689.68,3992.95,422.8
Almach,Kepler22b,710.84,4553.6,498.2
Ankaa,Andromeda,335.19,867.96,93.8
Arcturus,Meissa,380.93,3241.82,100.2
Gliese581g,Cygnus,967.83,4478.81,121.3
Eltanin,Cassiopeia,289.11,422.33,204.8
Bellatrix,AlphaCentauri,266.54,2524.33,283.6
Caph,Canopus,40.29,2875.97,15.0
Caph,Jabbah,262.52,2928.92,202.8
Nekkar,Sirius,506.4,3382.43,336.6
Menkar,ZetaReticuli,861.88,4696.23,410.5
Terebellum,Fomalhaut,950.88,184.09,281.3
Spica,Lyra,515.05,1493.24,184.3
Jabbah,Rasalhague,894.04,3634.03,329.8
ProximaCentauri,Unukalhai,185.56,2396.47,324.0
Lyra,Markab,432.29,1306.16,242.9
Rigel,Saiph,7.19,3198.56,380.4
Antares,Taurus,397.84,581.66,247.3
Rasalhague,Menkar,143.43,3679.65,212.8
Deneb,Merak,687.57,3938.89,283.9
Capella,Nashira,849.83,1931.69,391.7
Merak,Unukalhai,762.47,4981.42,300.1
Sadr,Sirius,661.08,2730.18,201.9
Alnitak,Betelgeuse,83.1,4331.3,55.6
Elnath,Menkar,218.09,1071.28,39.1
Caph,Vindemiatrix,629.56,4413.82,477.5
Maasym,Canopus,668.1,4590.48,191.5
Sadr,Eltanin,534.98,1151.34,257.9
Wolf359,Merak,893.89,2778.49,13.0
Pegasus,Orion,896.75,4319.19,229.7
Lesath,Vindemiatrix,613.07,4225.63,305.3
Bellatrix,Vega,412.68,4234.34,184.3
Nekkar,BarnardsStar,868.66,3696.97,488.0
Merak,Hydra,644.62,2018.79,229.2
Pollux,Yildun,162.55,1898.41,426.1
Nashira,Polaris,218.78,126.84,120.1
Scheat,Alphard,484.61,4151.3,205.9
Errai,Taurus,873.44,3369.69,430.2
Menkar,Canopus,873.75,3071.79,103.2
Castor,Gacrux,60.28,1378.43,322.3
Dubhe,TRAPPIST1e,62.13,4473.49,213.2
Saiph,Mirach,814.75,3216.97,53.4
AlphaCentauri,Hamal,546.64,639.63,66.7
Rasalhague,Cygnus,420.7,3776.3,79.9
EtaCarinae,Meissa,346.91,2662.08,161.1
Rasalhague,Unukalhai,582.63,3824.81,24.4
Terebellum,Rasalhague,708.73,1723.66,397.1
Pegasus,Nekkar,613.41,4392.92,219.6
Nunki,Antares,795.61,1729.07,243.6
Rastaban,Kochab,824.6,4687.65,327.9
Fomalhaut,Yildun,735.22,2464.91,71.6
Polaris,Wolf359,798.76,2469.1,137.2
ProximaCentauri,Betelgeuse,718.1,1336.93,185.5
Zubenelgenubi,Elnath,880.05,1158.55,257.2
Achernar,Mirach,690.82,1059.02,476.4
Nunki,Wasat,725.83,1231.5,155.7
Mirach,Thuban,820.19,4214.85,377.8
Rastaban,Mirach,547.8,3649.51,419.1
Mirfak,Gliese581g,406.3,3179.42,197.1
Rigel,Mirfak,595.87,622.35,309.9
Menkar,Hamal,536.14,3365.27,300.5
Sadr,Errai,380.53,4183.07,297.3
Sadr,Aldebaran,560.22,4849.41,417.1
EtaCarinae,Kochab,656.09,2630.0,363.6
Unukalhai,Elnath,755.78,749.04,222.9
Kochab,Jabbah,422.2,207.06,105.5
Capella,Polaris,13.47,1142.39,318.6
Capella,Nekkar,97.68,2238.05,250.2
Gliese581g,Almach,80.48,3999.05,135.4
Lesath,Eltanin,752.11,4699.07,392.7
Alnitak,Yildun,303.87,2190.22,176.3
Capella,Izar,780.72,310.38,144.6
Achernar,TRAPPIST1e,32.21,2327.38,151.7
Nunki,Kochab,404.72,4971.59,81.9
Altair,ProximaCentauri,216.24,840.05,490.2
Alhena,KausAustralis,394.52,2092.61,458.5
Pollux,Terebellum,300.25,3391.94,122.0
ProximaCentauri,Kochab,913.96,393.24,166.1
Arcturus,Orion,184.87,2990.27,196.0
Kepler22b,Unukalhai,241.86,78.38,123.1
Lyra,Saiph,455.96,994.63,13.0
Wolf359,Scheat,848.65,3460.57,326.3
EtaCarinae,Gliese581g,609.65,3240.84,203.3
Vega,Orion,185.55,4919.56,444.9
Draco,Capella,321.5,2601.45,89.7
Gliese581g,Altair,93.94,4314.68,40.4
Wasat,Vega,441.9,787.01,55.0
Alphard,Hydra,774.54,4389.09,141.9
Sabik,Alkaid,860.94,3593.21,289.8
Scheat,ZetaReticuli,845.54,4079.89,249.0
Draco,Arcturus,589.02,3542.43,22.8
Canopus,Taurus,337.16,329.03,148.7
Terebellum,Mirfak,626.64,2398.15,462.1
Rastaban,Cassiopeia,518.67,3779.41,326.5
Vindemiatrix,ProximaCentauri,88.97,913.36,317.7
Rastaban,Orion,289.52,4548.55,214.1
Nekkar,Vindemiatrix,628.13,3378.47,140.1
Thuban,Draco,270.47,3520.14,84.7
Unukalhai,Altair,571.91,1206.6,326.3
Hydra,Dubhe,882.08,2031.39,305.1
Andromeda,Pegasus,193.14,3606.43,94.3
TRAPPIST1e,Pollux,276.36,3366.35,209.0
Sadr,Achernar,920.65,2760.96,420.3
TRAPPIST1e,Vega,83.22,368.85,65.2
Arcturus,Elnath,398.02,2023.62,71.1
Cygnus,Achernar,424.88,2855.95,103.7
Ankaa,Pollux,206.52,79.62,17.2
Elnath,Pegasus,786.37,1108.82,69.0
Mirach,Betelgeuse,693.49,4269.64,318.8
Caph,Sabik,570.17,4583.48,415.9
Rigel,Aldebaran,948.29,403.36,27.6
BarnardsStar,ProximaCentauri,785.94,4954.57,344.5
Alcor,Phoenix,607.06,1541.19,447.4
Scheat,Almach,995.09,1581.76,488.7
Antares,BarnardsStar,902.95,3298.62,276.5
Yildun,Pollux,272.45,4098.7,370.0
Sirius,Alcor,300.98,2390.06,170.5
Sabik,Gliese581g,722.55,4340.73,440.2
Meissa,Castor,851.78,3840.99,319.1
Cygnus,Gacrux,594.1,4572.81,449.2
Draco,Castor,608.76,1131.18,193.3
Deneb,Luyten,565.34,3950.19,482.1
Arcturus,Saiph,631.47,1020.33,113.1
Kochab,BarnardsStar,114.33,3779.65,52.1
Castor,Fomalhaut,229.17,1739.95,373.0
Maasym,Cassiopeia,260.19,4680.89,38.9
Spica,Almach,40.37,478.05,58.3
Terebellum,Elnath,173.93,2987.96,271.7
Eltanin,Rastaban,553.13,1116.09,186.3
Gacrux,Achernar,357.15,2024.78,305.2
Merak,Scheat,846.55,1493.46,402.5
Caph,Nunki,73.38,4751.64,161.7
Alphard,KausAustralis,594.46,3170.69,47.2
Achernar,TRAPPIST1e,912.59,4377.27,193.2
Betelgeuse,Meissa,566.86,87.37,492.7
Luyten,Rasalhague,482.68,4959.94,13.5
Saiph,Markab,962.97,4280.74,137.2
Achernar,Rasalhague,358.43,206.37,433.6
Merak,Sadr,379.71,774.21,229.4
Sirius,Menkar,870.41,2237.4,257.2
Zubenelgenubi,Lesath,585.31,834.83,211.7
Yildun,Meissa,851.92,2948.68,62.7
Rastaban,Altair,898.5,2568.41,353.9
ProximaCentauri,Menkar,192.99,3134.67,65.5
Jabbah,Arcturus,462.88,4258.0,260.5
Alhena,Pollux,938.93,130.79,438.5
Alhena,Rastaban,241.19,1071.98,352.5
Yildun,Luyten,513.16,678.63,385.0
Unukalhai,Rigel,581.47,4779.64,448.7
Taurus,ProximaCentauri,933.35,3115.62,60.9
Rastaban,ProximaCentauri,662.05,2877.93,113.7
KausAustralis,Antares,428.22,3785.09,351.9
Deneb,Altair,221.96,1022.92,77.1
Sabik,Mirfak,120.77,4642.67,369.7
Jabbah,Sabik,293.47,3472.71,245.9
Capella,Kepler22b,545.09,958.32,263.7
Arcturus,Alhena,237.96,730.86,178.4
Lyra,Arcturus,942.32,1015.59,492.6
Izar,Cassiopeia,670.01,1250.1,222.9
Meissa,Antares,517.93,225.01,469.8
Mizar,Kochab,531.16,3606.12,306.2
Capella,Ankaa,90.47,1327.51,210.7
Bellatrix,Nekkar,395.45,3709.45,244.2
Sirius,Gacrux,951.12,359.41,152.1
Phoenix,Dubhe,933.49,610.17,243.4
Fomalhaut,BarnardsStar,849.51,2461.97,476.7
Vega,Phoenix,435.53,2318.75,197.5
Dubhe,Ankaa,767.45,2397.73,153.9
Almach,Sirius,730.15,2217.28,109.5
Wolf359,Betelgeuse,653.28,2638.22,61.4
Merak,Pegasus,580.95,1223.27,217.5
Pollux,Mimosa,52.16,1069.67,226.8
Saiph,Sabik,976.24,1495.15,196.7
BarnardsStar,Terebellum,189.62,1826.56,238.8
Arcturus,Terebellum,12.59,2271.28,355.5
Menkar,Rigel,41.71,3238.9,385.5
Kochab,Wolf359,952.43,602.18,488.7
Kepler22b,Meissa,178.82,2820.43,320.8
Menkar,Taurus,655.41,4783.65,244.8
Taurus,Almach,654.13,4812.42,383.7
Eltanin,Taurus,781.25,1789.56,10.2
Deneb,Mirfak,777.43,942.2,44.1
Cassiopeia,Kepler22b,348.98,1477.22,134.9
Eltanin,Capella,792.03,1972.63,393.3
Arcturus,Fomalhaut,818.82,3652.06,80.1
Saiph,Merak,218.48,2194.63,420.4
Capella,Mizar,84.07,80.81,258.7
Antares,Saiph,437.38,4270.56,287.8
Cygnus,Taurus,639.89,57.17,161.1
Mirach,Kochab,899.16,2112.3,215.0
Alnitak,Wolf359,369.19,1362.73,416.9
Canopus,Pollux,386.64,1226.08,114.0
Luyten,Sadr,415.25,254.82,180.6
Betelgeuse,Zubeneschamali,902.03,4871.63,169.5
Nekkar,ProximaCentauri,159.84,1129.75,106.5
Fomalhaut,Polaris,109.46,3366.81,149.3
Yildun,Antares,756.36,272.31,121.2
Vega,Enif,218.35,4512.77,140.3
Rasalhague,Nunki,92.65,4130.59,61.2
Cygnus,Achernar,271.8,1071.51,312.5
Cassiopeia,Almach,926.15,1750.31,219.5
Phoenix,Vindemiatrix,844.57,1747.81,93.7
Nunki,Nekkar,713.75,153.4,423.7
Sadr,Mimosa,475.23,4912.5,396.5
Altair,Scheat,881.75,2036.84,349.1
Altair,Cassiopeia,553.82,1916.39,441.8
Alnitak,Markab,619.18,2143.96,458.6
Eltanin,Castor,652.9,4022.75,49.3
Spica,Thuban,952.92,2253.64,95.4
Alnitak,AlphaCentauri,867.87,2251.58,393.3
Menkar,Pollux,689.56,2895.0,314.8
Jabbah,Deneb,499.93,2395.3,227.2
Sadr,Zubeneschamali,405.46,501.27,38.0
Sadr,Almach,533.79,4687.63,348.6
Rastaban,BarnardsStar,301.29,2217.4,465.7
Scheat,Spica,11.31,1291.51,275.5
Mizar,Alphard,159.38,3103.8,440.1
Wasat,Scheat,832.56,4296.09,325.7
Andromeda,Izar,115.71,913.26,377.5
Kochab,Spica,495.18,2348.11,470.9
Lyra,Lesath,51.84,2588.33,250.9
Nunki,Elnath,187.89,2624.96,428.2
Antares,Meissa,697.5,1638.83,267.6
Nunki,Wolf359,145.14,2070.69,19.5
Nekkar,Lyra,646.05,956.28,257.1
Almach,Cygnus,789.38,2175.27,480.1
Alnitak,Thuban,259.03,1673.74,179.4
Sirius,TRAPPIST1e,777.38,3788.15,391.7
Scheat,Yildun,888.6,3164.16,331.3
Errai,Polaris,521.58,2521.67,72.0
Eltanin,Spica,408.52,125.88,457.4
Hamal,Polaris,474.85,422.82,91.9
AlphaCentauri,EtaCarinae,103.48,930.13,220.2
Cassiopeia,Elnath,156.55,4450.65,266.5
BarnardsStar,Izar,265.15,2195.55,342.4
Kepler22b,BarnardsStar,402.05,212.08,361.0
Ankaa,Terebellum,350.87,4934.54,489.6
Sadr,Alkaid,868.4,1935.7,174.1
Altair,Almach,848.12,4256.4,51.4
Terebellum,ZetaReticuli,396.12,4245.74,374.8
BarnardsStar,Gliese581g,941.67,4344.46,194.9
Hydra,Markab,189.97,2041.33,257.9
Cassiopeia,Cygnus,961.72,1057.84,107.5
Elnath,Jabbah,109.23,706.63,419.9
Terebellum,TRAPPIST1e,992.85,819.74,179.9
Menkar,Almach,935.08,3654.46,188.3
Kepler22b,Vega,377.62,2420.18,171.3
Aldebaran,Zubeneschamali,909.51,272.06,443.5
Deneb,Alphard,122.31,2371.32,147.8
Hamal,Nashira,567.81,2660.92,462.9
Scheat,Vindemiatrix,398.68,2753.28,303.5
Merak,Alhena,441.24,4119.39,99.9
Antares,Fomalhaut,953.36,3713.85,328.6
Gacrux,Kepler22b,491.24,4026.41,297.9
Cygnus,Kochab,966.53,3262.01,127.9
Deneb,Zubenelgenubi,321.75,3144.11,305.3
Dubhe,Betelgeuse,942.04,4536.41,400.5
Rastaban,Alnitak,254.12,455.7,24.9
Meissa,Saiph,709.92,767.55,50.0
Spica,Orion,116.08,3430.87,435.2
Gacrux,Pollux,805.86,2138.03,193.4
ZetaReticuli,Vega,755.16,1683.58,130.3
Mirfak,Deneb,724.52,3792.2,199.2
Hamal,Sirius,446.43,2350.44,279.4
Andromeda,Altair,398.66,965.72,225.7
Caph,Cassiopeia,239.17,4956.59,250.1
Pegasus,Mirach,303.22,381.19,160.7
Andromeda,Pollux,445.26,2577.92,402.9
Kochab,Gliese581g,467.08,1773.22,146.1
Lyra,Maasym,365.15,1696.39,36.6
Menkar,Elnath,754.91,2152.9,478.7
EtaCarinae,Alnitak,544.78,4831.28,129.3
Betelgeuse,Nekkar,88.74,2364.45,170.3
Arcturus,Kochab,568.33,481.84,271.1
Alnitak,Elnath,224.45,75.52,196.5
Errai,Lesath,818.97,2371.02,143.6
AlphaCentauri,Capella,708.58,3514.21,203.3
Pegasus,Gliese581g,765.17,2418.24,246.3
Bellatrix,Izar,464.39,1406.52,22.6
Lyra,Vega,873.5,2665.93,101.2
Enif,Maasym,80.2,1959.64,40.0
Rastaban,Altair,722.72,3665.71,307.0
Merak,Betelgeuse,142.15,536.36,485.0
Terebellum,Alcor,892.52,857.99,72.2
Gacrux,Unukalhai,388.25,3972.44,300.1
Spica,Meissa,28.32,1352.69,361.6
Taurus,Alcor,82.91,2841.72,132.1
Phoenix,Vega,740.91,606.36,73.2
Cassiopeia,Wolf359,483.02,4700.4,252.6
Luyten,Merak,308.39,1927.85,96.1
Markab,Pollux,971.99,2698.4,170.4
Vega,Sirius,48.08,2990.96,399.1
KausAustralis,Alhena,851.15,1176.4,76.0
Dubhe,Cygnus,515.33,3102.26,318.6
Fomalhaut,Sirius,529.07,3670.09,75.6
Capella,ZetaReticuli,303.85,194.61,393.3
Nashira,Vega,321.18,3919.83,368.0
Bellatrix,Merak,142.78,2744.87,96.0
Wolf359,Ankaa,133.52,4374.21,237.9
Mimosa,Vindemiatrix,262.01,921.94,326.4
TRAPPIST1e,Zubeneschamali,706.29,4288.91,16.9
Gacrux,Errai,572.52,1452.75,371.8
Cassiopeia,Altair,995.21,4511.92,363.7
Unukalhai,Ankaa,717.33,3057.05,160.6
EtaCarinae,Saiph,252.09,458.88,362.2
Nashira,Yildun,143.44,2600.59,342.9
Deneb,Bellatrix,540.56,1904.23,302.6
Enif,Andromeda,112.86,4913.51,18.5
Nashira,Fomalhaut,67.71,4048.68,431.2
Altair,Dubhe,100.0,4366.67,49.2
Aldebaran,Wasat,392.91,2543.27,263.6
Merak,Antares,280.76,3635.62,135.8
Alnitak,Canopus,498.23,914.19,330.4
Altair,Kochab,158.8,1083.31,399.3
Andromeda,Achernar,358.24,3173.46,193.1
Mimosa,Alphard,954.62,50.97,464.5
Fomalhaut,Pegasus,101.55,4506.51,425.7
Wolf359,Izar,427.93,1107.0,394.7
Yildun,Mizar,199.61,1635.08,44.2
Spica,Gacrux,439.63,528.09,101.3
Wolf359,Achernar,110.81,4289.35,242.6
Achernar,Alcor,319.57,2423.84,281.9
Thuban,Meissa,101.46,53.92,16.9
Deneb,ProximaCentauri,83.18,2706.1,17.0
Taurus,Gliese581g,868.56,1290.84,313.6
Almach,AlphaCentauri,234.8,3691.11,273.1
Pollux,ZetaReticuli,981.39,2732.02,404.4
Andromeda,Sadr,731.12,1979.77,316.8
Markab,Andromeda,59.84,3567.0,228.4
Vindemiatrix,Antares,142.29,3832.02,416.5
Mirfak,Hydra,366.59,1813.74,133.0
Gliese581g,TRAPPIST1e,335.38,3699.18,439.9
EtaCarinae,Nashira,419.85,3874.46,54.7
Orion,Wasat,239.5,366.9,98.1
Castor,Mimosa,14.4,3229.8,60.2
Rasalhague,Vindemiatrix,939.81,4918.72,427.0
Draco,Gliese581g,887.83,4432.99,55.4
Sabik,Bellatrix,106.93,563.63,274.8
Sirius,Gliese581g,417.97,3209.75,343.0
Wolf359,Markab,826.74,3761.48,190.6
EtaCarinae,Hydra,168.23,2810.54,217.6
Rasalhague,Capella,525.36,3286.04,222.3
Saiph,Capella,708.8,4006.17,270.6
Antares,Rastaban,582.88,601.9,384.5
Elnath,Ankaa,615.28,2979.07,456.6
Rastaban,Merak,672.34,4347.03,173.7
Mirach,Aldebaran,122.09,4584.4,376.1
Jabbah,Fomalhaut,400.32,3430.34,280.6
Markab,Capella,875.81,4505.26,263.4
Eltanin,Luyten,455.71,2258.92,66.3
Rigel,Dubhe,627.02,4142.84,152.5
Draco,Sirius,636.64,4894.21,331.5
Mimosa,Spica,858.72,598.5,100.4
Vindemiatrix,Alhena,129.1,4101.52,413.2
Nashira,Polaris,418.38,910.28,323.7
Errai,KausAustralis,578.39,693.16,387.2
Alhena,ZetaReticuli,656.44,4985.25,494.6
Aldebaran,Nashira,194.75,1024.3,161.3
Izar,Rigel,204.25,547.5,156.5
AlphaCentauri,Hamal,629.04,4870.53,497.8
Yildun,BarnardsStar,256.29,2084.82,190.7
Vega,Jabbah,930.48,2384.64,140.6
Scheat,Wasat,678.46,2707.31,418.8
Nekkar,Alhena,148.85,1956.45,376.3
Arcturus,Terebellum,57.38,2443.11,42.9
Polaris,Cygnus,794.91,381.55,197.3
Achernar,Zubenelgenubi,300.31,1662.7,107.6
Pollux,Vega,362.18,1744.54,448.1
Taurus,Vindemiatrix,122.52,2672.71,98.3
Achernar,Pegasus,402.73,273.49,233.5
Zubeneschamali,Vega,307.98,4340.46,442.9
Draco,KausAustralis,719.02,4857.69,457.4
Mizar,Castor,326.92,4899.56,309.7
Luyten,Pollux,304.97,3915.6,403.8
Phoenix,Rastaban,79.55,1621.71,119.4
Canopus,Saiph,757.9,2901.28,370.5
Saiph,Canopus,57.77,4257.46,436.2
Cygnus,Lyra,664.96,470.69,111.5
Mimosa,Hydra,717.87,351.45,421.2
Gacrux,Kepler22b,377.92,914.94,125.4
Alhena,Jabbah,229.56,98.48,92.8
Scheat,Mizar,909.52,299.15,197.0
Errai,Hydra,444.18,2129.49,467.7
Zubenelgenubi,Sirius,527.73,545.38,278.5
Zubenelgenubi,Meissa,67.91,1310.78,398.6
KausAustralis,Fomalhaut,776.65,3617.27,315.4
Cassiopeia,Sadr,728.54,2215.85,497.1
Capella,Taurus,404.52,3771.66,408.7
Alhena,Lyra,317.96,1909.65,445.7
Andromeda,Betelgeuse,612.1,3044.8,51.3
Arcturus,AlphaCentauri,691.87,4299.56,493.7
Caph,Hydra,258.02,1824.72,319.0
Deneb,Alphard,452.68,4691.81,466.1
Lesath,Wolf359,46.11,3569.68,90.0
Dubhe,Rastaban,462.51,4375.45,405.3
Nekkar,Enif,232.64,3791.03,205.7
Yildun,Hamal,677.39,4354.8,153.8
KausAustralis,Alphard,722.96,230.09,422.3
Pollux,Sabik,180.19,2505.96,133.2
Bellatrix,AlphaCentauri,790.73,2149.26,383.6
ZetaReticuli,Alhena,736.6,4598.45,229.8
Deneb,Mizar,53.43,738.39,51.4
Unukalhai,Rasalhague,724.29,3809.83,197.4
Pegasus,ZetaReticuli,88.19,715.33,444.7
BarnardsStar,EtaCarinae,645.29,653.21,166.0
ProximaCentauri,Hamal,913.38,4704.88,133.4
Yildun,Canopus,710.74,85.72,231.5
Saiph,Pegasus,805.7,1085.31,442.2
Merak,Sabik,998.67,3455.46,211.8
Phoenix,KausAustralis,750.21,646.99,90.1
Markab,Lyra,558.62,1212.91,394.1
Sadr,Menkar,335.69,1356.23,435.7
Zubeneschamali,Alnitak,604.62,1065.67,429.9
TRAPPIST1e,Menkar,601.95,2872.52,92.5
Achernar,Yildun,215.09,1751.64,215.2
Dubhe,Menkar,782.84,1995.45,168.1
Alcor,Canopus,126.54,2448.46,86.6
Dubhe,Sabik,944.25,3190.29,192.8
Aldebaran,Cassiopeia,284.2,3944.3,286.1
Pollux,Rastaban,224.38,2168.05,296.6
Andromeda,Antares,554.57,4489.89,296.0
Canopus,Phoenix,619.66,1628.83,223.8
Mimosa,Pegasus,374.73,2930.26,474.5
Wolf359,Markab,841.03,446.32,191.8
Phoenix,Cassiopeia,452.62,291.8,376.3
Fomalhaut,Lesath,780.12,1904.72,480.6
Markab,Spica,739.13,2254.52,198.1
Antares,Betelgeuse,543.11,1307.71,432.0
Cygnus,Maasym,374.76,242.75,91.6
ProximaCentauri,Mimosa,407.42,899.72,350.2
Capella,Taurus,85.24,1823.44,448.0
Izar,Kepler22b,434.1,2803.67,451.6
Vega,Lyra,192.87,2076.07,211.5
Arcturus,KausAustralis,842.44,3770.17,420.9
Luyten,Rigel,663.04,1234.57,331.3
Sadr,EtaCarinae,17.42,1879.08,240.7
Mirfak,Sabik,466.52,4068.27,65.5
Kepler22b,TRAPPIST1e,507.93,4587.44,49.9
Rasalhague,Hydra,423.01,3948.22,20.6
Cassiopeia,Castor,567.81,2833.12,261.2
Antares,Vindemiatrix,838.65,253.85,98.2
Hydra,Pegasus,9.08,1214.26,99.8
Deneb,ZetaReticuli,195.05,3310.99,34.3
Meissa,Dubhe,329.61,1833.87,117.9
Aldebaran,Markab,909.25,1918.21,470.5
Izar,Alcor,835.26,3783.64,39.6
Altair,Taurus,889.6,1074.6,88.6
Unukalhai,Ankaa,6.29,943.18,359.0
Yildun,Taurus,13.36,2964.69,320.4
KausAustralis,Errai,874.36,4838.68,318.3
Castor,Mirach,581.3,4777.59,222.9
Spica,AlphaCentauri,505.18,2946.93,421.4
Sirius,Luyten,902.81,2527.47,182.7
Sadr,Nunki,451.96,3697.44,25.6
Altair,ZetaReticuli,499.57,3199.18,67.4
Markab,Alnitak,420.82,2443.97,212.3
Capella,Arcturus,169.8,3472.81,278.2
BarnardsStar,Almach,664.13,457.21,398.5
Andromeda,Mirfak,457.25,4839.66,348.6
Draco,Terebellum,500.14,3825.88,279.8
Dubhe,Alphard,179.16,4617.09,97.2
Arcturus,Kochab,795.25,1529.1,443.2
Nunki,Merak,682.63,4735.68,414.6
Fomalhaut,Zubeneschamali,430.37,3348.32,395.3
Wasat,Castor,433.29,3158.86,156.6
Unukalhai,Rigel,820.66,3631.07,319.0
Scheat,Markab,398.64,1650.84,125.9
Mizar,Dubhe,698.22,4050.55,446.1
Pegasus,Sadr,823.92,4570.62,244.2
Kepler22b,Markab,561.24,1274.39,66.0
Zubeneschamali,Jabbah,496.42,1866.64,375.7
Kepler22b,Maasym,761.27,549.48,409.7
Castor,Mizar,697.19,4010.28,392.4
Sadr,Zubeneschamali,461.92,1846.58,83.9
Yildun,Alhena,566.32,4258.54,61.8
Draco,Lesath,84.34,3605.58,135.8
Nunki,Unukalhai,43.72,4043.91,71.0
Taurus,Meissa,460.62,4225.1,116.8
Zubenelgenubi,Hamal,772.08,2003.93,222.2
Arcturus,Andromeda,296.63,84.99,172.3
Merak,Lyra,422.19,1470.71,305.1
Zubeneschamali,Aldebaran,694.89,4440.65,132.1
Achernar,ZetaReticuli,880.8,4949.63,159.8
Nashira,Ankaa,692.14,1800.84,281.3
Sirius,Alkaid,428.78,115.58,224.8
Mirfak,Mimosa,883.25,4398.68,422.6
Meissa,Errai,471.79,4509.0,432.1
Kepler22b,Nunki,301.24,2101.82,37.7
Betelgeuse,Bellatrix,572.49,3022.76,219.3
Izar,Nashira,12.06,242.64,212.3
Alkaid,Rigel,513.63,1076.3,119.4
Arcturus,Taurus,915.9,3091.42,372.4
Unukalhai,Vindemiatrix,130.2,64.26,482.5
Taurus,Mirfak,722.23,4279.17,349.2
Jabbah,Cygnus,108.12,1551.74,132.6
Almach,Luyten,209.05,2700.9,260.5
Menkar,Merak,480.53,4255.74,247.9
Phoenix,Rasalhague,143.04,865.98,194.3
Andromeda,Alphard,780.2,2433.87,101.5
Menkar,Enif,645.58,2439.88,413.5
Almach,Meissa,783.35,2514.93,376.8
Mirach,Castor,193.3,959.35,114.2
Thuban,Betelgeuse,946.07,3305.83,47.3
Bellatrix,Castor,239.39,143.52,273.2
Betelgeuse,Kepler22b,975.76,4887.81,369.8
Cygnus,BarnardsStar,979.14,3142.32,259.0
Draco,Betelgeuse,340.84,1638.45,475.5
Hamal,Mirach,620.36,57.39,378.0
Wolf359,Hydra,474.89,4008.63,40.3
Jabbah,Achernar,443.97,885.8,126.1
Capella,Errai,312.16,391.55,249.7
Andromeda,AlphaCentauri,291.07,511.93,484.5
Nekkar,Markab,37.84,3720.33,315.7
Bellatrix,Deneb,871.42,934.12,170.2
Maasym,Markab,23.01,2670.64,499.7
Castor,Andromeda,114.31,2726.08,452.9
Nekkar,Vindemiatrix,161.25,1816.61,216.9
Wolf359,Eltanin,749.69,1937.21,333.3
Altair,Deneb,19.55,4375.28,279.7
Luyten,Altair,598.05,4353.22,93.6
Izar,Sabik,176.61,893.68,58.8
Zubeneschamali,Hamal,875.86,2466.17,81.5
Cygnus,Fomalhaut,353.83,3325.33,455.5
Gacrux,Fomalhaut,998.29,2605.58,55.4
Ankaa,Sadr,31.18,4641.2,42.8
Vindemiatrix,Sadr,122.74,1545.58,177.9
Antares,Yildun,138.79,3226.12,124.7
Yildun,Caph,708.73,1372.9,37.9
Jabbah,Sadr,330.79,236.71,230.5
Cygnus,Wasat,31.47,1945.31,364.5
Alnitak,Pollux,23.22,1034.07,153.7
EtaCarinae,Terebellum,915.22,1518.18,95.9
Almach,Pegasus,710.27,139.04,400.3
Gliese581g,Kepler22b,64.96,3683.12,155.5
Yildun,Meissa,372.89,3717.99,37.3
Errai,Antares,584.83,2975.9,317.0
AlphaCentauri,Pollux,790.33,2722.16,262.0
Polaris,Alhena,631.14,3637.97,39.1
Luyten,Kepler22b,403.83,3514.52,377.5
Mizar,Cassiopeia,288.87,2335.29,342.6
Sirius,Wasat,294.1,2175.23,155.5
Orion,ZetaReticuli,619.44,3873.76,288.0
Taurus,Alnitak,848.54,1177.44,75.9
Sabik,Yildun,220.64,2838.55,43.3
Nekkar,EtaCarinae,429.24,2962.58,171.2
Mimosa,Cassiopeia,339.29,3279.49,321.6
Sabik,Castor,819.3,3174.91,28.6
Sirius,Almach,89.4,2902.47,493.7
Antares,Mirach,941.02,664.33,107.1
Cassiopeia,Scheat,220.97,2515.32,405.5
Scheat,Mizar,686.93,359.81,304.8
Zubeneschamali,Errai,299.11,1021.79,213.5
AlphaCentauri,Merak,599.17,3292.14,477.3
EtaCarinae,Elnath,372.44,784.96,349.6
Aldebaran,Sirius,409.3,3751.56,176.0
Scheat,Taurus,17.63,753.48,474.6
Caph,Nunki,765.77,4952.5,112.7
Alnitak,Kepler22b,791.7,2965.65,499.9
Kochab,Rigel,671.05,2830.84,183.6
Elnath,Pollux,104.73,4015.0,357.9
Luyten,Alphard,547.51,576.02,373.2
BarnardsStar,Nashira,594.25,3293.63,132.6
Meissa,Capella,115.93,3367.74,383.1
Alkaid,Alcor,637.08,2456.51,479.3
Castor,Aldebaran,378.64,1259.85,15.3
Pollux,Mirfak,882.61,2008.37,334.8
Pollux,Capella,55.98,2876.78,183.6
Rigel,Errai,296.5,2360.63,147.1
Nekkar,Cassiopeia,913.25,3893.08,25.6
Arcturus,Elnath,443.13,4763.02,408.0
Arcturus,Eltanin,412.2,2638.28,285.6
Zubenelgenubi,Nunki,597.15,3174.09,287.6
Antares,Alhena,529.97,2658.14,235.1
Yildun,Nashira,716.35,351.36,462.9
Mirach,Menkar,71.91,2105.5,92.3
Luyten,Nekkar,663.31,2151.25,222.3
Zubenelgenubi,Gliese581g,126.5,3295.46,466.3
Zubenelgenubi,Andromeda,6.99,2694.78,348.2
Almach,Phoenix,555.45,1436.26,444.4
Phoenix,Almach,463.53,2212.97,452.2
Canopus,TRAPPIST1e,89.35,536.46,264.1
Cassiopeia,EtaCarinae,213.82,2285.13,26.5
Lesath,Lyra,17.91,2786.05,245.3
Maasym,Vindemiatrix,612.87,4461.36,483.8
Rasalhague,Nashira,460.07,1999.76,296.1
Vega,EtaCarinae,375.21,2985.87,457.9
Merak,Bellatrix,635.87,2658.32,156.4
EtaCarinae,Achernar,244.12,2610.66,317.1
Enif,Mizar,202.39,2074.21,390.0
KausAustralis,Draco,494.99,728.66,329.4
Dubhe,Vega,712.4,3660.58,333.6
Errai,Alphard,956.37,1685.04,42.3
Aldebaran,Yildun,241.41,1943.98,456.9
AlphaCentauri,Alhena,328.77,4898.36,358.5
Wolf359,Spica,881.55,4752.0,49.9
Nunki,Castor,516.86,4325.25,197.6
Unukalhai,Cygnus,967.09,3012.38,71.3
Alhena,Jabbah,530.53,3819.16,54.2
Taurus,Zubenelgenubi,402.0,3514.39,210.4
Orion,Caph,966.53,754.28,102.2
AlphaCentauri,Lyra,236.71,388.01,70.9
Rastaban,ZetaReticuli,14.21,3176.39,197.3
Almach,Cassiopeia,784.27,4211.95,116.9
Polaris,Unukalhai,328.94,1878.33,78.9
Cassiopeia,Alphard,14.58,252.76,169.4
Vega,Lyra,243.42,1189.35,425.4
ZetaReticuli,Bellatrix,524.91,3460.65,486.1
Mirach,Cassiopeia,171.32,4920.99,145.1
EtaCarinae,Achernar,332.93,1286.78,413.0
Zubeneschamali,Alhena,662.39,1095.9,187.4
Betelgeuse,Thuban,308.87,1714.43,195.0
Enif,Almach,890.82,4647.26,138.5
Phoenix,ProximaCentauri,94.42,1736.01,449.0
Rigel,Pegasus,593.23,2812.98,87.3
Sadr,Meissa,338.28,4588.71,86.6
Draco,Menkar,344.0,3794.97,348.2
Pollux,Rasalhague,56.56,2401.47,191.3
Rasalhague,Andromeda,27.13,827.3,258.4
Bellatrix,Wolf359,959.38,1070.13,437.3
Thuban,Ankaa,389.73,2884.74,90.7
Errai,Castor,500.44,1096.41,423.7
Meissa,Terebellum,200.29,4345.64,349.8
Deneb,Pollux,553.1,2068.13,186.9
Rastaban,Jabbah,469.01,2050.4,449.4
Nunki,Castor,30.59,2350.38,44.2
Elnath,Rigel,535.23,1717.22,280.5
Pollux,Thuban,680.75,1862.63,388.3
Elnath,Mizar,561.81,203.72,156.1
Jabbah,AlphaCentauri,459.1,2159.07,202.3
KausAustralis,Cassiopeia,125.59,1486.66,426.1
Rastaban,Cassiopeia,777.92,962.13,276.9
Gacrux,Sabik,587.57,3235.32,138.3
Sirius,Nekkar,200.39,3159.71,126.0
BarnardsStar,Rastaban,266.24,271.79,399.1
Mirach,Hydra,125.89,251.15,455.9
Terebellum,KausAustralis,277.43,2163.27,29.1
Zubenelgenubi,Rastaban,395.11,4519.65,112.5
Vindemiatrix,Cygnus,564.64,1038.35,159.8
Aldebaran,Nunki,327.34,1912.51,220.6
Kepler22b,Wolf359,240.46,707.66,439.7
Deneb,Nunki,854.47,994.19,299.4
Sadr,Polaris,175.17,4086.41,345.8
Menkar,Rasalhague,333.52,4841.58,421.4
Eltanin,Mizar,85.37,1131.25,20.6
Rastaban,EtaCarinae,776.84,3760.32,241.6
ZetaReticuli,Jabbah,270.4,3461.3,291.9
Rigel,Dubhe,229.09,2590.46,202.0
Menkar,Aldebaran,289.9,2436.93,54.0
Fomalhaut,Altair,910.68,1948.28,387.6
Luyten,Vega,549.04,4059.38,268.2
Taurus,Nunki,212.71,3465.66,12.2
Nashira,EtaCarinae,792.58,846.8,361.3
Alcor,Sabik,129.62,3369.85,279.6
Thuban,Cassiopeia,32.53,517.62,327.5
Vindemiatrix,Cygnus,333.63,737.01,482.5
ZetaReticuli,Hamal,479.17,3369.18,416.3
Pegasus,Mirach,461.72,3807.55,76.2
Eltanin,Cygnus,192.12,479.54,455.3
Altair,Zubeneschamali,349.39,778.6,261.2
Hydra,Lesath,237.03,729.99,349.1
Capella,Merak,723.87,3184.05,28.1
EtaCarinae,KausAustralis,464.09,4022.91,462.5
Kepler22b,Hamal,106.86,1988.72,400.8
Betelgeuse,Kepler22b,705.32,2791.32,249.5
Arcturus,Betelgeuse,280.12,4895.07,415.8
Hydra,Sirius,654.98,1373.01,418.7
Alnitak,Saiph,333.98,3323.6,208.1
Zubeneschamali,Sabik,695.79,2894.83,86.7
Eltanin,Yildun,480.46,2945.74,75.4
Polaris,Jabbah,514.05,701.3,389.8
Aldebaran,Wolf359,199.1,4194.11,296.7
Mirach,Lesath,270.8,922.4,280.1
Yildun,Eltanin,822.51,2279.01,297.4
Pegasus,Spica,414.14,3548.52,259.4
Mirfak,Maasym,464.52,4817.48,246.3
Wolf359,Nekkar,978.53,1932.55,270.8
Unukalhai,Merak,5.3,3259.55,364.4
Altair,Aldebaran,297.14,299.22,108.9
Luyten,Polaris,119.71,4110.11,494.4
Aldebaran,Markab,175.82,2429.31,219.2
Alcor,Altair,68.92,3760.62,323.9
Capella,Hamal,485.84,73.4,448.4
Arcturus,Eltanin,552.33,4328.79,364.1
Yildun,Mizar,161.86,1139.55,371.5
Kepler22b,Orion,807.89,3677.86,169.9
Rasalhague,Capella,175.07,795.18,388.3
Zubenelgenubi,EtaCarinae,629.22,162.4,303.6
Elnath,Wasat,620.54,1113.55,50.5
Phoenix,Pollux,613.3,3276.11,359.4
Alkaid,Zubeneschamali,458.84,64.03,330.7
Cassiopeia,Antares,376.0,4402.42,42.1
Eltanin,AlphaCentauri,211.2,1130.2,254.9
Sirius,Terebellum,854.4,2021.75,298.8
Almach,Markab,234.68,188.3,11.4
Draco,Ankaa,696.01,4324.99,365.5
Polaris,Wolf359,550.13,3220.71,377.2
Sadr,Eltanin,866.43,1451.22,117.8
Polaris,Gacrux,765.99,4959.57,150.2
Kepler22b,Alphard,316.07,3356.69,140.1
Almach,Polaris,151.89,3280.61,440.8
Draco,Deneb,883.86,4560.16,61.4
Hamal,Alkaid,348.84,4682.57,240.4
Capella,Menkar,379.78,3225.1,485.3
Alphard,Nunki,133.18,1544.78,373.6
Terebellum,Polaris,969.22,1409.37,28.5
Menkar,Unukalhai,43.37,3159.99,15.9
Draco,BarnardsStar,673.42,2969.43,77.3
Draco,Caph,878.57,2493.51,99.8
Cassiopeia,Arcturus,847.75,4622.12,111.5
Nunki,Almach,217.13,135.47,194.0
Merak,Zubenelgenubi,322.89,4238.96,352.9
Capella,Vindemiatrix,127.28,349.03,455.5
Capella,Fomalhaut,761.19,4535.07,434.1
Rasalhague,BarnardsStar,52.79,215.57,390.4
Fomalhaut,Nunki,561.71,3211.44,201.7
Alnitak,Achernar,382.35,609.33,192.0
Markab,Fomalhaut,610.75,4624.92,448.0
Rastaban,Castor,463.25,4340.07,124.6
Hydra,Alnitak,257.9,2888.52,443.7
Alphard,Bellatrix,662.24,2219.35,441.4
Gliese581g,KausAustralis,600.49,4392.86,159.8
Pollux,Cygnus,744.12,243.04,280.8
Sirius,Mirach,12.57,3011.58,412.9
Nunki,Alhena,874.07,4899.75,405.6
Mizar,Capella,302.11,115.75,295.6
Nekkar,Merak,117.38,73.25,151.5
Errai,Lyra,796.17,507.03,215.2
Deneb,ProximaCentauri,306.87,3128.87,278.4
EtaCarinae,Alkaid,688.95,3814.79,428.3
Vindemiatrix,Altair,641.46,585.13,416.6
Terebellum,Saiph,949.39,1617.58,417.4
Alnitak,Luyten,109.67,2917.04,128.3
BarnardsStar,Bellatrix,951.74,1300.58,376.0
Polaris,Vega,117.54,4003.38,226.3
Castor,Rasalhague,564.52,3043.44,401.4
Deneb,Spica,981.29,2218.31,366.7
Elnath,Lesath,769.85,3609.21,378.4
Vindemiatrix,Mirach,614.99,3860.63,101.4
Alphard,Meissa,937.3,4275.84,246.4
Vindemiatrix,Capella,271.44,2330.2,243.4
Elnath,Rigel,990.79,2485.73,400.7
BarnardsStar,KausAustralis,491.78,1662.8,243.3
Capella,Saiph,177.96,2697.27,343.4
Wasat,Kochab,807.28,1648.56,133.1
Altair,Dubhe,46.35,1961.35,425.7
Aldebaran,Jabbah,942.0,235.33,358.5
Alkaid,Caph,68.38,3580.36,486.8
Lyra,Caph,609.32,123.4,203.2
Fomalhaut,Wasat,828.51,1971.18,470.7
TRAPPIST1e,Jabbah,888.44,3120.42,132.6
Rigel,Hydra,829.65,1602.04,464.5
Polaris,Betelgeuse,568.86,4048.83,319.4
Draco,Achernar,668.01,2897.46,103.4
Alhena,Antares,235.73,2447.77,319.3
Rigel,Caph,159.46,4797.38,444.3
Vega,Yildun,615.61,3411.63,208.8
Enif,ZetaReticuli,57.32,3011.57,367.6
Nekkar,Menkar,710.39,120.01,435.7
Merak,Taurus,7.86,3157.87,101.6
Enif,Vindemiatrix,569.03,3282.03,98.3
Pegasus,Rigel,771.4,3106.66,43.5
Zubeneschamali,Hydra,839.59,3665.23,134.2
Unukalhai,Terebellum,419.9,1959.57,497.7
Sirius,Rigel,33.09,4724.86,307.4
Zubenelgenubi,Wolf359,499.59,1818.42,146.9
Rasalhague,Almach,924.51,609.06,489.4
Nashira,Alkaid,527.13,553.25,184.8
ProximaCentauri,Scheat,630.89,3800.6,367.0
Capella,Maasym,163.04,2178.53,268.1
Gliese581g,BarnardsStar,190.47,2073.92,68.3
Cygnus,Vega,967.59,736.05,143.5
Polaris,Spica,293.27,526.19,296.8
Bellatrix,Luyten,322.8,2310.64,381.2
AlphaCentauri,Alnitak,930.19,1092.67,46.2
Terebellum,Alphard,214.67,1482.32,23.4
Alkaid,Vindemiatrix,811.82,4130.97,232.6
Terebellum,Wolf359,859.49,3229.0,32.2
Rigel,Fomalhaut,122.78,4138.21,493.6
Rasalhague,Aldebaran,674.08,4516.05,94.1
Andromeda,Saiph,206.47,1481.48,306.5
TRAPPIST1e,Pegasus,96.16,3596.26,379.4
Antares,Sabik,653.28,1033.38,409.7
Wolf359,BarnardsStar,257.22,221.11,244.4
Elnath,Nashira,998.8,503.37,444.8
Phoenix,Vindemiatrix,866.16,4783.11,307.2
Gacrux,Rastaban,309.58,2454.59,47.4
Polaris,Andromeda,420.3,2007.28,269.2
Sabik,Saiph,941.4,4364.57,427.8
Markab,Unukalhai,91.6,2277.71,99.9
Markab,KausAustralis,848.13,188.32,129.5
TRAPPIST1e,Taurus,948.72,3318.13,73.7
Achernar,Jabbah,594.62,216.67,493.9
Jabbah,Andromeda,712.13,4608.5,216.2
Draco,Deneb,232.57,2678.03,38.3
KausAustralis,Cygnus,717.91,2048.18,250.5
BarnardsStar,Merak,322.3,2931.62,291.0
ProximaCentauri,Mirach,827.97,1541.5,428.2
Aldebaran,Mirach,270.49,1720.77,101.7
Almach,Errai,130.86,728.86,379.8
Alnitak,Rastaban,909.18,3037.7,112.0
Pegasus,Scheat,293.56,3158.96,81.7
Meissa,Canopus,683.27,1639.97,439.9
Andromeda,Caph,759.74,3785.36,290.7
Jabbah,AlphaCentauri,487.93,2482.84,301.0
Arcturus,Alphard,695.49,1061.96,299.4
Aldebaran,Sadr,136.71,3583.44,166.2
Zubeneschamali,Capella,460.4,830.09,42.6
Pollux,Saiph,120.04,1855.25,21.2
EtaCarinae,KausAustralis,215.63,2820.36,265.3
Almach,Alhena,496.04,3212.07,17.6
Altair,ZetaReticuli,694.16,1371.73,418.4
Canopus,Cygnus,638.69,3827.33,364.2
Mirfak,Cygnus,840.99,1309.83,356.6
Unukalhai,Markab,675.23,3125.69,188.8
Ankaa,Elnath,530.64,1424.87,140.1
Cygnus,Unukalhai,55.85,1454.76,40.1
Bellatrix,Vega,707.27,694.95,232.7
Eltanin,Mizar,370.01,1389.77,114.9
Saiph,Mizar,552.21,1363.43,202.3
Rigel,Canopus,28.46,4477.58,447.2
Alcor,Hamal,468.89,3201.4,41.4
Caph,Luyten,875.12,350.23,26.8
Mirfak,Enif,452.89,4525.86,337.3
Castor,EtaCarinae,307.77,1865.66,94.6
Alcor,Achernar,696.46,4735.36,151.3
Unukalhai,Merak,535.16,1045.95,229.9
Achernar,Wolf359,74.96,1271.39,336.4
Alcor,Antares,978.59,618.12,481.6
Merak,Orion,924.93,1528.36,397.5
Pegasus,Luyten,861.03,2850.01,348.2
Antares,ProximaCentauri,209.75,399.4,140.7
Alcor,Almach,664.05,1135.17,463.6
Sadr,Aldebaran,462.65,1182.42,271.2
Alhena,Scheat,283.44,324.13,188.9
Draco,Mirach,446.54,2375.54,295.4
Enif,Castor,55.49,3999.59,343.5
Hydra,AlphaCentauri,563.61,511.85,203.7
Hydra,Zubenelgenubi,144.53,808.83,395.9
Luyten,BarnardsStar,753.14,1545.4,118.1
Wasat,Antares,54.64,259.16,15.5
Dubhe,TRAPPIST1e,674.79,412.21,30.5
Zubeneschamali,Alphard,928.08,3907.26,298.8
Altair,Unukalhai,150.01,3683.65,68.9
Arcturus,Rasalhague,349.1,1214.63,164.9
Hydra,Luyten,633.52,1884.51,347.9
Capella,Maasym,449.98,2301.7,135.1
Mirach,Rasalhague,8.96,1521.61,380.3
Eltanin,Kepler22b,137.97,4830.34,35.0
Kochab,TRAPPIST1e,898.3,691.33,142.8
Sabik,Maasym,468.67,2718.72,90.8
Eltanin,Bellatrix,22.28,700.56,97.2
Gliese581g,Thuban,347.37,3298.48,40.8
Sirius,Wasat,828.83,3646.65,410.4
Zubenelgenubi,TRAPPIST1e,754.23,1167.02,147.0
Pollux,Wolf359,616.32,134.41,96.2
Luyten,BarnardsStar,565.72,4993.13,154.9
BarnardsStar,TRAPPIST1e,742.92,1834.54,312.7
Hydra,ProximaCentauri,533.86,2051.35,256.3
Jabbah,Mirfak,541.36,3446.8,281.2
Mizar,Polaris,188.34,2282.88,24.4
Taurus,Cassiopeia,215.87,1547.4,274.4
Betelgeuse,Vindemiatrix,862.75,3954.77,178.2
Scheat,Unukalhai,227.36,1616.27,363.9
Aldebaran,Alkaid,943.35,4073.84,10.5
Markab,Canopus,228.41,4799.9,394.1
Enif,Meissa,107.31,2315.56,134.4
Cygnus,Castor,307.4,2576.46,126.4
Hydra,Maasym,657.66,1729.5,179.0
Rastaban,Scheat,119.06,4190.42,391.9
Luyten,Alnitak,993.3,1103.49,187.0
ProximaCentauri,Zubeneschamali,768.39,611.05,45.7
Wasat,Kepler22b,655.13,3498.96,146.8
Pollux,Draco,809.46,2635.35,309.5
Spica,Thuban,962.1,4342.81,70.5
Kepler22b,Sadr,886.33,4892.0,97.7
Nekkar,Mimosa,218.41,1271.19,69.5
Alkaid,Spica,54.59,1296.12,419.5
Vindemiatrix,Antares,865.58,4370.16,419.3
Antares,Arcturus,52.71,2084.24,389.4
Mizar,Maasym,341.11,1149.71,320.0
Nashira,Hydra,829.22,2625.47,418.3
Vega,Mirach,535.91,982.11,448.6
Rasalhague,Spica,357.3,3769.47,56.0
Yildun,Polaris,467.61,4708.72,365.8
Almach,Eltanin,710.26,3975.56,36.1
Unukalhai,Polaris,253.71,3802.16,420.8
Phoenix,Thuban,336.59,3196.29,388.0
Alphard,Vindemiatrix,793.99,3185.67,95.8
Cygnus,Terebellum,478.96,2812.81,128.1
Lyra,Gliese581g,662.12,3591.05,492.2
Ankaa,Saiph,324.09,487.51,60.8
Pollux,Achernar,681.11,2029.69,380.2
Canopus,Maasym,875.08,1249.46,74.1
Spica,KausAustralis,333.96,4055.55,67.5
Rasalhague,TRAPPIST1e,87.74,3002.41,314.9
EtaCarinae,Polaris,793.61,3218.43,143.7
Canopus,Pegasus,874.29,637.31,252.7
Alhena,Yildun,359.66,681.45,157.7
Merak,Maasym,111.25,128.27,193.4
Almach,Rigel,672.21,3197.04,336.4
Mizar,Elnath,784.5,3182.17,23.2
Altair,ZetaReticuli,223.97,2609.34,29.3
Andromeda,Antares,811.77,1644.13,370.7
Fomalhaut,Luyten,306.18,2890.69,438.3
Mizar,Alnitak,302.92,985.0,226.7
Mizar,EtaCarinae,544.3,4615.58,358.0
Phoenix,TRAPPIST1e,652.03,1993.75,456.8
Enif,Bellatrix,912.86,2936.47,216.7
Mirfak,Izar,39.22,3737.22,226.7
Cassiopeia,Alkaid,376.9,2596.17,18.5
Canopus,Nunki,761.78,3066.78,375.7
Yildun,Markab,322.85,2677.84,306.8
Draco,Vindemiatrix,375.69,2850.7,105.6
Pollux,Eltanin,205.64,1375.45,119.9
Lesath,Maasym,853.49,3969.86,422.9
Zubenelgenubi,Sabik,259.77,3959.89,146.4
Mirach,Unukalhai,592.95,2524.88,230.3
Phoenix,Nunki,637.05,4311.32,179.1
Draco,Markab,68.2,3262.03,353.6
Caph,Wasat,922.06,4071.75,424.1
Almach,Ankaa,933.89,708.52,388.2
Eltanin,Arcturus,945.61,82.44,439.7
Andromeda,ProximaCentauri,963.12,4741.41,387.7
Lesath,Wasat,896.51,793.61,30.8
Sadr,Wasat,725.44,4129.19,93.5
Scheat,Jabbah,281.74,4730.47,298.4
Vega,Hydra,228.95,1439.03,11.9
Enif,Gliese581g,685.85,4274.07,127.8
Markab,Wasat,139.4,1013.53,398.5
Kepler22b,Alhena,129.93,4949.55,224.2
Yildun,Rasalhague,113.83,4799.76,266.4
Alhena,Mizar,747.38,3540.19,232.3
Capella,Mizar,892.63,1664.74,479.0
Hydra,Canopus,180.06,4624.02,278.9
Menkar,AlphaCentauri,293.92,1213.07,302.0
Errai,Vega,614.3,1359.99,161.9
Achernar,Antares,889.07,973.66,116.4
Spica,Alphard,93.42,2229.63,248.8
Kochab,Nekkar,96.68,2703.84,152.2
Sabik,Zubenelgenubi,589.24,3137.54,398.1
Altair,Bellatrix,630.73,3390.49,320.6
Alnitak,Canopus,909.3,3722.24,367.2
Vindemiatrix,Vega,514.14,2376.39,440.7
TRAPPIST1e,Orion,422.57,2714.3,95.3
Caph,Alnitak,311.46,139.66,89.1
Enif,Sadr,858.85,4489.69,193.3
BarnardsStar,Sirius,789.85,727.88,24.6
Rasalhague,Lyra,412.72,1557.39,458.9
BarnardsStar,Betelgeuse,58.32,3256.62,38.3
TRAPPIST1e,Caph,615.89,4463.22,457.2
Alhena,Meissa,237.0,1821.84,343.0
Luyten,Bellatrix,330.25,3625.05,287.7
Vindemiatrix,Taurus,624.62,1163.68,210.5
Alkaid,Lyra,212.14,4877.98,25.2
Markab,EtaCarinae,918.32,2758.31,369.0
Terebellum,Kochab,630.9,4152.58,186.6
Markab,Alhena,993.69,3770.1,85.5
Bellatrix,Lesath,329.35,1526.55,437.9
Jabbah,Wolf359,258.13,2965.31,307.0
Lesath,Alnitak,311.84,842.13,223.6
Nekkar,Kochab,54.49,2749.94,299.6
Alcor,Nunki,51.43,1057.0,455.6
Elnath,Aldebaran,539.99,1224.57,168.4
Bellatrix,Kochab,223.21,2565.85,54.2
Alhena,Spica,930.96,2737.03,169.8
Menkar,Elnath,363.67,365.12,401.0
Alnitak,AlphaCentauri,684.35,398.05,443.7
Luyten,ZetaReticuli,175.85,1820.52,193.9
Merak,Mirach,106.39,3088.32,31.9
Castor,Errai,339.86,3146.49,194.1
Alnitak,Gliese581g,988.37,715.11,53.3
Maasym,Unukalhai,842.0,2196.72,222.0
Bellatrix,Terebellum,513.99,2774.32,256.4
Elnath,Meissa,143.87,589.7,266.3
Sirius,Arcturus,37.54,3149.85,132.5
Scheat,Yildun,795.54,2835.25,186.9
Pollux,Terebellum,970.54,3479.6,360.4
Maasym,Aldebaran,462.69,354.82,338.8
Nashira,Pegasus,449.6,4882.92,303.8
Achernar,Sirius,868.22,1349.82,428.3
Zubeneschamali,Kochab,708.2,4840.81,416.0
Vindemiatrix,Alkaid,429.85,2214.56,409.3
Maasym,Luyten,756.06,2061.7,224.1
Antares,Arcturus,302.14,3068.07,42.1
Betelgeuse,Alhena,545.18,2322.96,215.6
Bellatrix,Cassiopeia,838.98,3119.97,100.3
Alphard,Markab,400.04,4097.41,38.3
Arcturus,Sirius,850.66,1922.75,312.6
TRAPPIST1e,Pollux,650.29,2392.2,414.4
TRAPPIST1e,Maasym,286.48,348.08,341.5
Pollux,Dubhe,329.33,1092.79,189.3
Phoenix,Alnitak,379.14,298.66,178.2
Elnath,Nunki,548.4,624.54,440.7
BarnardsStar,Fomalhaut,332.62,4393.52,56.7
Mizar,Nekkar,4.72,566.93,30.5
Unukalhai,Sabik,660.16,4491.19,331.1
Kochab,Sabik,131.07,1700.08,165.1
Taurus,ZetaReticuli,698.96,3222.48,425.2
Pollux,Alkaid,138.07,2591.5,489.7
Terebellum,Rigel,195.58,1833.27,131.1
Menkar,Meissa,205.43,532.15,446.8
Almach,EtaCarinae,220.1,1850.41,45.2
Kepler22b,Alphard,563.46,819.45,158.3
Rigel,ZetaReticuli,226.6,2296.24,160.7
Andromeda,KausAustralis,855.13,51.23,451.7
Enif,BarnardsStar,354.57,520.49,214.3
KausAustralis,ProximaCentauri,68.56,3024.07,34.1
KausAustralis,ZetaReticuli,89.21,3039.99,62.2
Deneb,Polaris,301.03,3254.15,77.3
Nashira,Nunki,670.64,495.43,293.5
Ankaa,Wasat,886.2,872.95,114.8
Hydra,KausAustralis,585.13,4610.14,341.1
Mimosa,Mirach,398.29,4751.18,160.5
Unukalhai,Wasat,644.88,3935.62,63.6
Taurus,Merak,948.22,4879.72,20.4
Alnitak,Alphard,539.5,466.3,31.0
Eltanin,TRAPPIST1e,321.16,105.83,494.9
Canopus,Caph,961.06,4007.6,437.5
Sabik,Taurus,42.27,1898.35,10.9
Achernar,Errai,18.25,398.3,241.9
Hydra,TRAPPIST1e,79.01,155.87,406.6
Jabbah,Aldebaran,55.99,1052.44,235.2
Polaris,Sirius,567.32,1414.66,195.3
Thuban,Alhena,117.05,1210.05,300.5
Bellatrix,Saiph,757.17,1471.05,80.0
Nekkar,Antares,957.25,1922.71,268.4
Aldebaran,Fomalhaut,74.67,960.6,256.7
Wolf359,Castor,728.65,4420.1,194.2
Hamal,Andromeda,699.81,3568.53,314.0
Vindemiatrix,Taurus,408.07,2158.0,183.5
Hamal,Phoenix,997.83,4453.48,79.3
Markab,Alphard,986.68,4752.14,350.3
Canopus,Wolf359,185.97,2478.16,268.8
Alphard,BarnardsStar,662.07,69.95,51.2
Zubenelgenubi,Taurus,329.19,1300.05,371.4
Cygnus,Wasat,626.89,4645.76,131.4
Castor,Alnitak,50.56,2086.68,53.8
Meissa,Kochab,264.34,3444.33,112.3
Merak,EtaCarinae,705.25,964.26,331.1
Alcor,Vindemiatrix,450.29,3955.13,482.4
Wolf359,Merak,435.96,400.23,335.3
Aldebaran,Vega,165.1,3289.77,294.1
Rasalhague,Markab,563.02,623.61,85.7
Vindemiatrix,Pegasus,922.71,4130.31,327.7
Meissa,Izar,266.04,3996.95,257.1
Menkar,Alnitak,159.26,3312.57,300.7
Canopus,Bellatrix,961.27,2813.89,132.4
Jabbah,Menkar,595.46,695.39,277.9
Ankaa,Pegasus,857.96,1678.24,430.7
Elnath,Achernar,563.59,4678.85,430.2
Saiph,Rastaban,805.56,3430.71,403.2
Saiph,Lyra,985.99,1402.07,67.1
Almach,Errai,104.41,953.11,233.7
Deneb,Dubhe,383.83,4019.08,99.9
Alhena,Pegasus,25.36,3988.43,256.7
Wasat,Spica,987.18,282.83,493.5
Izar,Mirfak,701.26,1534.57,258.3
Maasym,Nashira,490.93,3430.53,384.0
Gacrux,Caph,547.89,1844.56,199.5
Saiph,Bellatrix,134.04,1446.27,250.3
Alnitak,Arcturus,980.81,2175.73,169.9
Meissa,Polaris,78.64,64.59,207.4
Capella,Alphard,506.96,3371.67,74.3
Sadr,Alcor,743.53,4767.67,382.5
Saiph,EtaCarinae,791.88,842.1,442.6
Mizar,Terebellum,795.79,274.24,96.4
KausAustralis,Betelgeuse,880.32,3270.47,220.4
Arcturus,Almach,746.04,4162.5,277.2
Alcor,ZetaReticuli,309.08,639.58,288.7
Nashira,TRAPPIST1e,263.65,4548.46,396.5
BarnardsStar,Gacrux,209.17,4236.21,402.9
Bellatrix,Jabbah,145.7,863.23,159.5
ZetaReticuli,Altair,719.17,289.49,111.9
Eltanin,Vindemiatrix,267.13,4172.87,463.9
Castor,Saiph,881.4,3958.02,386.5
BarnardsStar,ZetaReticuli,396.89,3643.7,204.7
Yildun,Nekkar,181.63,3623.25,153.2
ProximaCentauri,Sadr,695.25,631.27,158.2
Castor,Dubhe,894.02,3877.31,410.2
Polaris,Deneb,494.46,1390.09,409.6
Almach,Hamal,227.42,2051.11,385.2
Achernar,Fomalhaut,321.34,3303.28,197.0
Pollux,ZetaReticuli,94.83,2607.32,187.1
Zubeneschamali,Merak,828.28,4400.55,147.2
Luyten,Betelgeuse,646.31,982.04,374.9
Rigel,Lyra,330.91,3955.54,215.5
Mizar,Almach,973.05,4488.46,433.2
Arcturus,Deneb,478.85,1999.08,417.1
Almach,Markab,874.73,2055.64,182.7
Elnath,Aldebaran,394.38,3530.87,476.3
Izar,Alhena,322.72,4161.55,403.1
Menkar,Lyra,460.97,2413.54,445.9
Izar,Alphard,67.67,1626.04,323.4
Nunki,Bellatrix,47.83,434.37,179.2
Cassiopeia,Nekkar,578.64,2516.77,125.9
Alcor,Nunki,37.1,3613.49,494.0
Jabbah,Luyten,789.78,965.11,423.3
Achernar,Mizar,117.34,4706.19,156.8
Errai,ZetaReticuli,62.23,780.67,288.9
ProximaCentauri,Sadr,347.42,4188.36,325.5
BarnardsStar,Yildun,342.37,4700.23,11.9
Cassiopeia,Merak,929.97,3865.06,335.6
Fomalhaut,Alnitak,137.94,4778.65,109.9
Capella,Jabbah,359.29,3916.34,282.9
Nekkar,Castor,932.84,3761.2,324.5
Nashira,Terebellum,917.55,2419.98,284.0
Spica,Zubenelgenubi,359.89,4033.12,183.3
Sadr,Pollux,632.11,1653.51,362.8
Thuban,Cassiopeia,734.48,2941.73,497.9
Mirach,Pollux,768.65,3544.87,270.1
Markab,Mizar,709.83,2706.34,177.4
Rigel,Gliese581g,579.38,3198.43,292.1
Pegasus,Rastaban,36.06,1188.35,264.8
ProximaCentauri,Caph,60.9,2949.98,105.4
Phoenix,Kochab,843.23,4258.36,144.5
ProximaCentauri,Sadr,488.15,3325.19,269.9
Yildun,Menkar,264.1,4521.61,58.2
Elnath,Achernar,181.33,2092.2,440.8
KausAustralis,Vindemiatrix,823.54,3040.12,232.0
Sirius,Almach,65.79,816.02,436.0
Zubeneschamali,Andromeda,11.88,2548.36,142.8
Canopus,Rastaban,35.99,4095.32,58.1
Zubeneschamali,Rastaban,679.22,787.56,76.7
Orion,Menkar,815.02,4088.18,388.0
AlphaCentauri,Caph,98.62,4424.21,346.7
Lesath,Meissa,399.01,1317.44,69.8
Ankaa,Altair,650.55,188.7,184.3
Zubenelgenubi,Polaris,187.4,611.69,198.9
ProximaCentauri,Taurus,489.93,2056.19,131.2
Rasalhague,AlphaCentauri,447.73,483.64,457.9
Wasat,Sirius,35.73,4324.02,326.5
Taurus,TRAPPIST1e,164.52,4090.52,197.1
Zubeneschamali,Dubhe,627.0,2398.34,38.3
AlphaCentauri,Antares,638.05,1356.12,424.8
Hydra,Meissa,680.96,752.51,409.4
Pollux,Lyra,781.59,1851.4,342.9
Sadr,Alnitak,632.01,2114.96,92.4
Cygnus,Dubhe,788.41,4811.55,38.6
Gacrux,Nashira,857.07,374.35,382.3
Merak,Nunki,94.16,3491.22,388.3
Fomalhaut,Taurus,113.39,4763.22,95.0
Altair,Mirach,560.76,2881.91,216.0
Vindemiatrix,Almach,980.96,2654.19,237.7
Scheat,Mirach,913.49,503.87,457.3
Sirius,Phoenix,469.92,4031.34,97.9
Pegasus,Nashira,578.27,2841.34,327.7
Yildun,Izar,581.36,3314.33,492.5
Lyra,Luyten,175.18,2484.79,293.3
Eltanin,Phoenix,144.45,2704.48,167.5
Antares,Alphard,233.45,124.73,226.0
Markab,Alphard,910.79,2680.2,383.4
Polaris,Pollux,352.81,3002.69,58.2
Arcturus,Castor,993.94,549.7,134.9
Hydra,Andromeda,899.49,2824.03,309.6
Vindemiatrix,Unukalhai,188.11,1125.51,31.6
Phoenix,Pollux,612.35,465.21,357.5
Wolf359,Vindemiatrix,372.98,4157.98,51.3
Sadr,Deneb,747.71,1514.22,213.9
ProximaCentauri,KausAustralis,47.23,3522.49,51.8
Cygnus,Eltanin,892.92,1877.09,90.7
Almach,Errai,503.44,1187.3,121.3
Canopus,Phoenix,14.43,1839.77,128.5
KausAustralis,Achernar,496.27,4717.11,427.5
Lesath,Alphard,715.15,3473.75,185.0
Hydra,Dubhe,244.97,1694.35,71.5
Andromeda,Wolf359,270.09,2871.69,397.5
Hamal,Maasym,978.37,2793.12,128.3
AlphaCentauri,Andromeda,456.85,4386.89,302.0
Taurus,Mirfak,949.71,3333.52,324.4
Mirach,Merak,904.65,2610.33,54.7
Mirach,Errai,43.08,2167.28,232.7
BarnardsStar,Aldebaran,896.07,2352.62,39.5
Kepler22b,Vindemiatrix,753.47,234.93,180.5
Gacrux,Bellatrix,111.09,2062.69,37.8
Dubhe,AlphaCentauri,805.59,2244.12,190.6
Alphard,Rasalhague,132.47,3347.0,309.8
Meissa,ProximaCentauri,477.01,4044.54,145.1
Deneb,Menkar,90.03,3030.9,28.7
Jabbah,Yildun,455.06,2494.24,481.7
Scheat,Arcturus,417.62,4392.03,44.0
Sadr,Saiph,118.62,4629.75,344.1
Altair,Rastaban,676.7,3748.65,68.5
Fomalhaut,Nekkar,560.31,3064.39,51.2
Rasalhague,EtaCarinae,850.95,4204.95,331.1
Caph,Zubeneschamali,374.1,3247.71,299.0
Eltanin,Sadr,970.97,2459.13,132.7
Dubhe,AlphaCentauri,781.49,1048.86,21.7
Rigel,Mirfak,153.58,328.23,139.6
Enif,Scheat,241.61,1050.87,144.7
Altair,EtaCarinae,29.23,1310.18,201.4
Elnath,Menkar,212.74,2388.79,44.2
Menkar,Caph,554.96,250.47,361.7
Maasym,Altair,778.51,4680.06,391.7
Zubenelgenubi,Taurus,491.66,3518.13,114.8
ProximaCentauri,Pollux,265.1,1733.82,319.2
Saiph,Fomalhaut,847.62,3049.92,279.0
Phoenix,Markab,389.58,792.88,77.3
Dubhe,Taurus,342.31,3556.83,435.7
Eltanin,Lesath,395.41,2925.81,23.1
Menkar,TRAPPIST1e,684.62,1608.33,138.0
Izar,EtaCarinae,51.22,4955.75,444.7
Orion,Mirach,78.87,557.89,124.7
Alhena,Wolf359,412.92,3773.7,333.9
Dubhe,Unukalhai,417.77,2540.7,125.4
TRAPPIST1e,Gliese581g,988.36,4823.36,326.9
Menkar,Nashira,886.79,3205.18,415.1
Alcor,Nunki,869.94,4735.78,60.5
Arcturus,Thuban,139.49,3672.2,318.7
Vindemiatrix,Dubhe,577.77,4360.35,320.0
Kepler22b,EtaCarinae,10.81,552.5,335.3
Maasym,Luyten,29.11,1082.23,144.5
Betelgeuse,Cassiopeia,887.98,1090.46,16.9
Errai,Rastaban,616.75,4415.56,412.8
Rastaban,TRAPPIST1e,455.61,1327.42,315.4
Wolf359,Luyten,37.55,2614.27,325.3
BarnardsStar,Lyra,283.74,805.68,312.9
Mirach,Achernar,722.58,680.09,334.5
Betelgeuse,Lyra,209.08,383.61,174.7
Alkaid,Hydra,681.38,2887.4,454.4
Altair,Yildun,566.87,3509.52,304.2
Nunki,Spica,422.24,4118.41,166.0
Markab,Vindemiatrix,476.94,362.05,338.8
Alnitak,Menkar,273.77,2740.3,401.2
Alcor,Betelgeuse,920.74,1354.08,138.1
Gliese581g,Nunki,13.37,4689.98,160.9
Almach,Vindemiatrix,522.16,1305.07,373.6
Gliese581g,Wolf359,21.85,979.68,317.5
Draco,Izar,28.16,3766.64,15.2
Alnitak,Pegasus,394.03,4814.1,278.7
Wolf359,Achernar,523.8,119.21,312.1
Saiph,Fomalhaut,168.02,452.29,197.5
Mizar,Nashira,800.91,1275.38,27.3
TRAPPIST1e,Dubhe,299.21,4069.89,229.9
Wolf359,Hydra,653.68,4515.03,59.3
Rigel,Hydra,585.74,1631.14,499.8
KausAustralis,Rasalhague,813.86,2188.44,465.2
Kochab,Sabik,268.5,2787.29,229.8
Merak,Cygnus,676.16,3707.55,480.9
Pegasus,Maasym,229.49,663.1,159.3
Wasat,Vega,978.38,2736.24,177.3
Kochab,Kepler22b,842.29,2071.87,75.1
Unukalhai,Rastaban,404.31,3955.93,49.3
TRAPPIST1e,Markab,949.07,1133.9,382.3
Errai,Sabik,155.12,4938.12,486.7
Betelgeuse,Lyra,634.6,4529.78,65.7
Deneb,Saiph,655.34,4524.24,343.6
Wolf359,Zubeneschamali,393.17,673.31,326.2
Andromeda,Wolf359,66.18,2179.22,191.2
Andromeda,Kepler22b,885.55,2037.76,240.4
Terebellum,Mirfak,790.08,241.44,296.2
Elnath,ZetaReticuli,309.67,847.74,452.3
Deneb,Mimosa,898.84,171.06,129.2
Alkaid,Elnath,380.58,294.77,19.6
Almach,Saiph,809.35,288.95,356.4
Alnitak,Jabbah,943.27,1072.96,168.0
Elnath,Andromeda,786.21,1808.4,47.7
Alcor,Spica,217.62,1312.36,438.3
Maasym,Alkaid,293.62,1914.26,283.5
Taurus,Orion,828.76,4164.07,244.7
AlphaCentauri,Mimosa,850.73,432.59,140.9
Hydra,Vindemiatrix,341.4,2149.29,349.5
KausAustralis,Elnath,410.14,3076.03,175.7
Rasalhague,Phoenix,981.48,2982.42,11.0
Elnath,Lyra,795.74,4898.52,53.4
Spica,Achernar,437.13,887.74,251.1
Almach,Errai,983.65,182.19,25.9
Meissa,Gliese581g,748.5,2092.54,277.0
Bellatrix,Vega,287.29,1235.47,447.6
ProximaCentauri,Lesath,766.85,699.45,320.9
Mizar,Cygnus,820.51,1017.85,33.6
Alhena,Vindemiatrix,995.39,4962.53,475.9
AlphaCentauri,Zubenelgenubi,296.98,4921.75,193.7
Hydra,Bellatrix,187.0,2167.14,234.9
Cassiopeia,Rastaban,281.01,2161.4,155.1
Altair,Rasalhague,823.1,2227.81,20.3
Elnath,Thuban,716.07,2482.21,96.8
Canopus,EtaCarinae,87.48,787.2,346.0
Nekkar,Markab,678.73,4247.15,107.4
Nunki,Aldebaran,278.73,4461.19,230.9
Unukalhai,Alphard,672.74,1367.08,335.4
Lesath,Spica,614.66,1166.64,282.6
Pegasus,Alcor,867.38,1588.81,83.7
Andromeda,Mizar,786.8,4194.66,172.0
Phoenix,Mimosa,329.06,596.49,136.9
Vega,Scheat,550.08,442.9,459.3
Spica,Cygnus,982.85,908.72,450.3
Yildun,Fomalhaut,397.07,221.24,123.6
Cassiopeia,BarnardsStar,964.08,3946.63,116.3
Antares,Zubenelgenubi,260.66,4950.86,130.0
Mirfak,Vega,512.12,3742.98,166.0
Betelgeuse,Nashira,455.56,273.14,387.6
Taurus,Dubhe,887.76,497.27,451.1
Phoenix,Zubenelgenubi,932.23,2254.2,327.3
Lesath,Nekkar,863.57,3195.75,80.7
Merak,Rigel,634.01,487.7,315.2
Alphard,Spica,59.69,3618.38,446.2
Betelgeuse,Phoenix,875.57,3242.9,51.7
Sirius,Gacrux,228.22,2657.43,304.0
Cassiopeia,Gliese581g,639.54,1656.69,446.8
Nashira,Markab,861.43,691.95,431.9
Gliese581g,Eltanin,405.72,3391.26,375.2
Castor,Hydra,427.33,2705.3,87.1
Deneb,ZetaReticuli,575.28,3869.16,177.1
Sadr,Sabik,196.45,2873.16,257.8
Pollux,Mimosa,539.26,4886.71,281.8
Nekkar,Yildun,304.23,1976.98,480.3
Alphard,Wasat,641.78,2121.95,380.1
Ankaa,Nunki,839.69,4703.6,386.0
Lesath,Nashira,838.08,997.44,417.6
Eltanin,Alcor,586.26,3242.6,432.0
Draco,Nashira,628.05,3405.94,445.4
Pollux,Polaris,414.92,622.89,200.9
ZetaReticuli,Deneb,654.93,3236.82,452.0
Kepler22b,Hamal,649.88,244.78,169.5
Terebellum,Rasalhague,24.19,3325.48,263.6
Yildun,Phoenix,229.51,3266.51,495.8
Aldebaran,Draco,204.36,3012.21,437.6
Canopus,Terebellum,333.93,4054.06,344.1
Alphard,Mimosa,879.83,4506.02,382.0
Fomalhaut,Sadr,780.83,4510.62,281.0
Vindemiatrix,Alphard,170.18,4077.74,297.3
Canopus,Yildun,446.43,2916.55,50.6
Dubhe,Alphard,787.33,53.25,369.3
Bellatrix,Rasalhague,399.21,4777.68,55.4
Mizar,Cygnus,915.86,1207.62,131.6
Yildun,Polaris,460.33,2774.75,41.0
Canopus,Cygnus,581.29,2676.59,139.8
Yildun,Andromeda,179.09,1026.01,491.5
Betelgeuse,Rastaban,367.26,1546.87,245.9
Sirius,Elnath,709.22,2697.17,42.3
BarnardsStar,Mimosa,582.08,222.61,242.0
Polaris,Wasat,309.23,3477.61,65.9
Eltanin,Rasalhague,90.09,2965.92,151.8
Lesath,Mirfak,803.28,4073.61,30.9
Spica,Sabik,267.11,1737.46,40.0
Vega,Mirfak,49.54,3909.39,179.0
Wolf359,Cassiopeia,810.74,2336.14,346.1
Errai,Luyten,571.02,4448.27,76.9
Pegasus,Almach,229.83,1471.79,165.1
Elnath,Almach,929.01,3355.22,102.0
Sirius,Kochab,615.09,257.79,392.7
Taurus,Bellatrix,391.62,3374.46,202.4
Taurus,Achernar,435.39,1304.05,405.2
Arcturus,Zubenelgenubi,307.61,1389.68,222.8
Mimosa,Hydra,636.27,2431.25,328.4
Taurus,Spica,318.23,2357.89,248.7
Unukalhai,Sabik,538.93,4221.43,116.3
AlphaCentauri,Rasalhague,774.93,3967.43,110.4
Nekkar,Capella,256.06,2602.94,447.9
Gliese581g,Zubeneschamali,459.46,361.72,20.6
Sirius,Maasym,34.63,3785.69,163.1
KausAustralis,Capella,185.4,2035.09,294.4
Dubhe,Scheat,823.49,4057.11,190.2
Yildun,Caph,12.9,2092.46,423.4
Unukalhai,Meissa,941.76,747.35,491.9
Errai,Merak,713.28,2103.62,227.0
Rigel,Izar,399.67,2565.73,327.1
Markab,Achernar,367.37,3088.21,431.4
Andromeda,Sirius,701.43,4012.3,295.6
Rasalhague,ProximaCentauri,640.05,1854.99,453.0
Castor,Betelgeuse,714.31,3704.16,428.6
BarnardsStar,TRAPPIST1e,551.63,2679.08,471.0
Merak,Draco,939.71,1842.58,156.4
Alhena,Spica,940.76,548.32,433.4
Gacrux,Mirach,629.55,2308.65,119.5
Yildun,Arcturus,391.59,156.92,70.9
Zubeneschamali,Fomalhaut,381.87,1481.44,353.2
Mizar,Gliese581g,349.94,2264.7,433.5
Pollux,Caph,16.1,2225.83,289.0
Achernar,Orion,261.98,2060.88,286.9
Eltanin,Kochab,52.73,556.19,402.1
Errai,Kepler22b,425.54,4325.92,477.8
Rigel,EtaCarinae,109.48,937.53,252.5
Scheat,Pegasus,856.85,2308.64,250.0
Jabbah,Alnitak,650.85,3239.66,245.1
Eltanin,AlphaCentauri,711.45,3291.07,498.1
Draco,ProximaCentauri,726.05,4328.51,256.3
Canopus,Rasalhague,661.84,3792.03,341.4
Mimosa,Sirius,111.67,1877.32,243.8
Cygnus,Aldebaran,205.62,2099.96,457.1
Markab,Zubenelgenubi,503.02,414.39,39.0
Menkar,Vindemiatrix,925.06,4660.9,171.3
Cassiopeia,Alcor,43.49,908.77,220.3
Izar,Ankaa,761.53,3131.64,100.1
Saiph,Canopus,723.73,3372.77,475.4
Mimosa,Luyten,396.21,4078.24,265.6
Unukalhai,Mimosa,960.79,2902.48,402.9
Arcturus,Terebellum,702.03,4831.23,372.7
Jabbah,Rigel,442.99,4029.63,381.6
Mimosa,Rastaban,264.53,2685.21,141.4
Cygnus,Rasalhague,673.72,2105.0,43.8
Taurus,Polaris,918.44,3408.16,411.2
Taurus,Alphard,623.43,608.42,340.9
Yildun,Polaris,955.35,2208.07,279.4
Nashira,Alkaid,85.33,3403.14,198.8
Deneb,Capella,712.15,1729.43,294.2
Andromeda,Almach,680.0,4907.05,343.6
Sirius,Errai,49.93,3564.67,10.4
Vindemiatrix,Sadr,108.75,2483.41,203.5
Mirach,Pollux,594.4,788.89,181.0
Caph,Hamal,332.41,2427.63,342.7
Dubhe,Vindemiatrix,784.7,2011.39,65.9
Ankaa,Meissa,708.13,2894.87,100.4
Wolf359,ZetaReticuli,38.12,2167.95,210.8
ZetaReticuli,Vindemiatrix,978.23,1344.46,253.5
ProximaCentauri,Nekkar,357.36,1172.91,46.7
BarnardsStar,Rasalhague,396.7,1931.17,264.5
Markab,Alnitak,540.37,2849.05,238.5
Lyra,Izar,347.61,3443.04,461.4
Cassiopeia,Orion,418.57,2770.01,237.7
Alnitak,Jabbah,715.45,2821.15,83.9
Altair,Meissa,35.54,295.53,264.6
Izar,Kochab,49.16,3073.77,159.0
Cassiopeia,Meissa,278.49,1249.28,77.4
Ankaa,Canopus,638.61,3939.18,51.5
Arcturus,Nekkar,621.74,670.25,159.0
Rasalhague,Thuban,122.55,2116.44,443.4
Castor,Capella,731.33,978.88,405.8
Zubeneschamali,Castor,805.19,3958.18,78.5
AlphaCentauri,Menkar,191.74,2750.69,325.3
Ankaa,Alphard,663.41,1230.8,193.9
BarnardsStar,Orion,300.72,1853.89,26.8
Nekkar,Ankaa,379.07,857.62,91.5
Polaris,Jabbah,669.04,1816.97,53.4
Terebellum,Mizar,872.8,266.51,156.3
KausAustralis,Andromeda,756.54,4410.39,437.7
Alnitak,Kepler22b,115.16,215.01,329.7
Capella,Jabbah,807.38,2410.39,131.9
Zubenelgenubi,Alkaid,285.6,159.7,338.7
Elnath,Deneb,260.53,977.7,362.0
Deneb,Mirach,912.65,2448.9,356.2
Rigel,Nunki,451.13,4189.76,13.8
Cassiopeia,Eltanin,157.3,4229.04,379.8
Zubenelgenubi,Spica,887.47,835.51,491.1
Vega,Betelgeuse,512.4,4578.18,316.6
Unukalhai,Arcturus,936.3,1799.67,243.6
Spica,Nashira,723.22,385.03,403.1
Gacrux,Merak,733.37,3876.92,161.1
Sirius,Bellatrix,805.89,585.51,162.7
Terebellum,Mirfak,855.45,4840.56,128.9
Capella,Kepler22b,266.12,4298.84,168.3
Yildun,Alphard,975.83,3772.37,327.5
Eltanin,Pollux,446.5,2425.55,64.1
Zubeneschamali,Hydra,29.65,3601.21,335.2
Markab,Sirius,659.58,3021.96,221.3
Vindemiatrix,Markab,755.75,836.47,418.1
Wasat,Alphard,874.88,665.81,253.0
Rigel,Gacrux,562.52,3928.6,296.0
Andromeda,Deneb,719.37,2127.82,294.5
Alnitak,Almach,316.78,939.11,458.2
Phoenix,Cassiopeia,436.11,3761.44,12.4
Terebellum,Nekkar,4.57,3335.22,99.6
Alcor,Merak,55.21,4203.32,201.0
KausAustralis,Lyra,591.53,4887.87,201.9
Polaris,Phoenix,893.53,2827.42,436.7
Saiph,Yildun,159.4,2780.71,205.5
Aldebaran,Wasat,555.59,4211.53,101.1
EtaCarinae,Dubhe,825.11,1468.91,100.1
Elnath,Scheat,388.25,825.54,267.0
Yildun,Rigel,177.95,1874.57,115.1
Lyra,Achernar,490.03,3152.91,368.0
Thuban,Hydra,732.41,4887.53,364.5
Saiph,Orion,708.65,1932.45,29.6
Vindemiatrix,TRAPPIST1e,885.57,3451.08,335.8
Sabik,Luyten,447.2,3192.46,235.4
Eltanin,Bellatrix,30.29,3329.31,222.1
Almach,Polaris,171.47,1164.75,135.9
Nashira,Pollux,108.77,2587.93,464.4
Yildun,Zubenelgenubi,169.1,4692.14,496.6
Terebellum,Eltanin,969.78,116.51,422.6
Achernar,Antares,154.86,3364.02,335.5
Mimosa,Phoenix,933.46,508.41,44.8
Vega,Sabik,191.2,4473.07,118.1
Errai,Ankaa,100.89,581.42,38.0
Zubenelgenubi,Zubeneschamali,461.31,1810.12,471.2
Lyra,Maasym,78.33,4083.5,382.4
Canopus,BarnardsStar,872.79,4097.58,95.0
Pegasus,Alnitak,652.61,3957.84,251.7
Spica,TRAPPIST1e,407.3,2298.23,163.6
Eltanin,Fomalhaut,314.7,637.64,267.9
Vindemiatrix,Gacrux,416.68,2345.92,231.1
Pollux,Alphard,945.35,3997.11,463.7
Maasym,Sabik,788.85,2124.44,394.5
Meissa,Kepler22b,204.2,2992.02,135.6
Hamal,Hydra,721.37,3592.65,324.2
Sirius,Betelgeuse,4.61,4618.98,81.1
Errai,Alkaid,236.68,1108.42,150.8
Orion,Kepler22b,551.5,3002.43,404.6
Lyra,Orion,639.11,521.6,234.0
Ankaa,Castor,299.37,1692.6,169.7
Gacrux,Unukalhai,371.42,1202.03,46.3
Mizar,Taurus,729.21,3464.79,487.5
EtaCarinae,Alhena,800.47,867.33,303.4
Kochab,Fomalhaut,192.83,4472.54,479.6
Mizar,Enif,460.47,1817.75,191.6
Kochab,Sabik,390.25,4931.26,283.1
Pollux,Zubeneschamali,909.96,660.99,342.6
Elnath,Mizar,510.16,2624.9,176.8
Draco,BarnardsStar,272.56,66.49,278.1
Dubhe,Kochab,109.39,3433.09,276.0
Rigel,Luyten,15.5,65.82,145.8
Lyra,Andromeda,579.6,1637.95,343.7
Saiph,Cassiopeia,154.5,958.55,299.8
Rigel,Capella,641.31,4249.97,384.6
Izar,Antares,736.63,4935.47,27.6
Markab,TRAPPIST1e,339.77,4696.84,224.0
Mirfak,Yildun,485.6,2646.83,435.2
Maasym,Deneb,925.58,1417.28,103.4
Kepler22b,Alnitak,424.52,2845.99,21.5
Alkaid,KausAustralis,251.75,1676.32,102.1
Lesath,Deneb,458.64,3840.28,155.6
Hamal,Gliese581g,144.96,2212.58,24.4
Rigel,Bellatrix,692.22,4291.43,96.6
Rastaban,TRAPPIST1e,901.56,738.12,340.1
Achernar,Nunki,808.0,1723.63,181.6
Alkaid,Zubenelgenubi,975.73,2353.81,229.5
Achernar,Rasalhague,110.95,3886.21,440.4
Caph,Draco,770.61,598.62,252.3
Aldebaran,Mirach,271.05,996.44,438.7
Bellatrix,Alhena,416.35,2872.29,424.2
Bellatrix,BarnardsStar,380.49,4829.08,28.5
Yildun,Almach,911.04,4560.22,210.0
Hamal,Errai,298.41,1788.97,425.8
Pollux,Almach,264.77,1916.11,140.7
Markab,Hamal,691.95,243.28,461.4
Nunki,Thuban,340.64,3353.06,378.9
Elnath,Alcor,706.39,1074.57,248.9
Mizar,Ankaa,755.64,2922.81,65.2
Orion,Kochab,688.16,321.7,290.1
Wasat,EtaCarinae,707.13,3702.29,441.3
Maasym,TRAPPIST1e,475.9,1956.25,115.4
Mimosa,Polaris,511.55,2799.23,468.2
Vindemiatrix,Cygnus,755.37,3064.33,477.4
Gacrux,Alcor,144.49,1808.82,156.7
Enif,Capella,758.34,1390.77,19.8
Zubenelgenubi,Errai,461.83,3997.47,310.7
Jabbah,ProximaCentauri,292.35,835.22,448.8
Luyten,Orion,264.26,2787.12,73.1
Vega,Unukalhai,566.19,209.78,240.0
ZetaReticuli,Gacrux,650.35,2745.35,209.7
Caph,Alnitak,828.48,462.93,35.3
TRAPPIST1e,BarnardsStar,200.96,2799.58,194.7
Achernar,Canopus,400.18,1369.24,210.4
Wasat,Betelgeuse,54.67,89.34,401.7
Achernar,Thuban,877.45,4463.23,229.5
Zubenelgenubi,Alcor,679.46,1931.05,107.4
Almach,Altair,267.5,3358.1,451.5
Saiph,Draco,790.41,2471.72,309.4
Hydra,Sabik,490.31,645.73,107.9
TRAPPIST1e,EtaCarinae,148.58,594.9,318.3
Errai,Kepler22b,486.71,425.5,319.0
Sadr,Hydra,698.17,513.22,232.1
Mirfak,Altair,765.81,1649.01,111.2
Nekkar,Zubeneschamali,25.58,2182.88,330.2
Canopus,EtaCarinae,529.11,461.09,146.9
Lyra,Vega,483.59,533.85,68.5
Deneb,Menkar,258.3,2339.47,316.0
Antares,Cygnus,372.83,187.12,488.5
Merak,Saiph,542.79,1368.27,143.4
Scheat,Luyten,175.1,3753.22,137.5
Capella,Enif,364.45,1468.2,481.1
Cassiopeia,Kepler22b,334.25,4348.97,138.5
Ankaa,Alnitak,382.89,1013.07,438.0
Capella,Caph,955.23,1935.4,292.1
Thuban,Nekkar,867.37,4209.58,317.9
KausAustralis,Sirius,501.14,4301.07,81.6
Unukalhai,Antares,28.27,3271.7,448.6
Phoenix,Jabbah,413.12,1593.03,12.9
Ankaa,AlphaCentauri,106.77,4571.73,190.5
Unukalhai,Nashira,129.26,3739.3,135.5
Lyra,Mirfak,763.95,4511.18,167.2
Fomalhaut,Sadr,998.35,1716.34,464.9
Sadr,Eltanin,717.79,4113.73,119.3
Castor,Izar,91.49,4782.6,66.9
Andromeda,Rigel,787.37,2622.59,61.6
Alnitak,BarnardsStar,10.1,2774.92,335.1
Enif,Thuban,335.86,1040.0,168.9
Fomalhaut,Pegasus,335.86,2414.0,480.6
Meissa,Cygnus,757.94,683.42,294.7
Dubhe,Meissa,5.73,4979.74,330.7
Capella,Mizar,480.37,3824.62,124.2
Lyra,Alphard,108.1,2887.36,403.9
Eltanin,Enif,464.06,4567.48,496.3
Hamal,Wasat,353.76,919.9,45.3
Kepler22b,Sirius,137.02,4587.66,385.9
Alnitak,Spica,749.74,4988.98,66.1
Polaris,Lesath,189.16,1864.06,387.3
Nunki,Ankaa,243.46,1245.95,92.9
Menkar,Vindemiatrix,182.51,1628.94,428.9
Eltanin,Errai,883.54,2129.88,40.2
Cygnus,TRAPPIST1e,273.16,1970.55,489.3
Jabbah,Arcturus,472.08,3966.57,103.0
EtaCarinae,Bellatrix,194.46,371.89,494.9
Rigel,Vindemiatrix,15.98,2773.15,202.7
Deneb,KausAustralis,341.55,4743.42,284.0
Cassiopeia,Gliese581g,531.95,2467.35,146.9
Andromeda,Aldebaran,582.89,308.94,211.6
Elnath,Mizar,435.77,1346.34,54.0
Terebellum,TRAPPIST1e,895.88,3549.74,464.3
Menkar,Yildun,572.96,2583.21,208.0
Nunki,Gliese581g,228.7,2181.63,488.4
ProximaCentauri,Orion,615.07,4095.24,263.2
ProximaCentauri,Kepler22b,652.86,4754.85,326.1
Merak,BarnardsStar,500.07,1756.41,205.3
Alkaid,Almach,730.08,4941.43,415.9
TRAPPIST1e,Nekkar,328.3,1547.49,372.8
Orion,Bellatrix,399.01,2918.26,275.3
ZetaReticuli,Altair,563.51,3526.28,292.5
Hydra,Castor,466.29,4579.83,103.6
Ankaa,Saiph,203.06,3926.03,384.3
Sabik,Nekkar,173.23,3566.61,488.3
Thuban,Maasym,897.5,3411.23,15.3
Phoenix,Gacrux,266.55,1866.43,56.0
Kepler22b,Mimosa,222.62,1939.54,343.9
Taurus,Rigel,455.2,4170.99,227.1
Deneb,Menkar,21.03,4196.26,469.5
Taurus,Sabik,520.08,195.03,394.1
EtaCarinae,Rigel,476.87,625.56,109.5
Spica,Menkar,803.23,2177.94,129.6
Markab,Vega,21.99,3672.46,394.1
Aldebaran,Lyra,196.03,3892.64,152.8
Jabbah,Izar,585.89,4352.05,152.9
Canopus,Arcturus,382.59,868.4,124.4
Rasalhague,Meissa,271.44,4443.11,14.5
Enif,Dubhe,719.68,2747.51,426.1
Alhena,Unukalhai,368.64,74.65,28.8
Orion,ZetaReticuli,852.87,2337.08,137.6
Altair,Bellatrix,907.22,3790.56,253.3
Rasalhague,Cygnus,671.78,541.04,279.5
Caph,Vega,460.58,2943.18,383.4
EtaCarinae,Cassiopeia,612.78,534.02,434.0
Sabik,Ankaa,288.32,1707.24,337.7
Wasat,Markab,795.68,1069.29,430.4
Orion,Taurus,912.92,914.92,477.8
Saiph,Polaris,546.63,3472.79,92.7
Saiph,Vega,698.54,3777.12,164.5
ProximaCentauri,Menkar,333.0,4796.41,165.3
Draco,Thuban,609.17,1905.72,211.8
Lyra,Pollux,361.39,2014.36,282.8
Meissa,Izar,104.43,2647.43,434.9
Mizar,Saiph,52.86,3693.51,303.8
AlphaCentauri,Dubhe,945.77,1098.13,394.6
Jabbah,Canopus,212.56,302.74,37.4
Antares,Lesath,447.72,1197.81,240.6
Rigel,Eltanin,523.84,3715.97,119.3
Lyra,Lesath,867.21,2580.24,252.8
Arcturus,Eltanin,812.56,2391.13,131.3
Hamal,Cassiopeia,754.57,1029.06,77.2
Nunki,Cygnus,375.22,1570.22,468.6
Rasalhague,Wasat,107.03,1237.46,215.1
Bellatrix,BarnardsStar,626.06,2561.65,190.2
Menkar,Dubhe,810.43,4872.7,475.9
Unukalhai,Capella,49.43,4348.19,402.4
Gacrux,Izar,821.05,2122.5,177.1
Alnitak,Kochab,251.42,3506.41,51.3
Castor,Wolf359,96.44,4683.71,278.6
Lesath,Mizar,982.93,733.71,202.8
Capella,Fomalhaut,986.99,3547.8,143.5
AlphaCentauri,Pollux,189.96,2558.47,350.9
Lyra,EtaCarinae,943.96,4318.46,201.1
Rasalhague,Yildun,907.56,4979.92,401.7
Alcor,AlphaCentauri,248.8,303.68,487.9
Mimosa,Pollux,405.29,2023.97,104.5
Cassiopeia,Alphard,227.18,2516.13,262.5
Altair,Polaris,101.52,1983.7,443.2
Caph,Spica,297.99,2083.73,292.9
Sadr,EtaCarinae,16.1,4529.62,247.8
AlphaCentauri,Rigel,6.96,1844.16,426.4
Almach,Sadr,373.8,2636.53,264.4
Sabik,Sirius,684.46,160.12,125.2
Dubhe,Kepler22b,416.6,2012.89,236.8
Cygnus,Draco,235.06,2184.28,380.6
Luyten,Kepler22b,968.39,850.95,84.4
Yildun,Cassiopeia,45.0,4698.76,470.4
Sadr,Caph,744.26,4319.15,170.2
Unukalhai,Castor,46.06,587.23,415.5
Pollux,KausAustralis,849.2,508.74,13.2
BarnardsStar,Vindemiatrix,882.19,1715.82,375.4
Mizar,Nashira,688.5,4254.99,37.1
Arcturus,Maasym,99.13,3097.31,12.5
Saiph,Unukalhai,576.05,2264.07,15.6
Taurus,Bellatrix,165.06,4005.43,143.3
Pegasus,Hamal,128.31,4356.46,220.9
Mirfak,Luyten,35.59,1443.47,288.1
Cygnus,Mirach,557.27,4300.1,63.9
Taurus,Almach,84.62,4877.97,110.7
Nashira,Mimosa,484.55,1734.18,166.7
Canopus,Maasym,81.15,306.45,75.2
Merak,Yildun,825.81,1817.14,422.3
Alcor,Mimosa,724.04,3457.26,227.1
Bellatrix,Hydra,174.48,492.35,451.0
Kochab,Andromeda,413.15,1833.8,155.9
Vega,Mizar,733.54,1664.18,59.4
Wasat,Izar,992.03,3940.07,238.4
Menkar,Pollux,468.23,4609.56,353.1
Fomalhaut,AlphaCentauri,867.12,2094.31,354.8
Alkaid,Yildun,681.73,2716.04,206.1
Alphard,Enif,546.77,3422.08,94.7
Nashira,Spica,441.71,3805.46,382.4
Alnitak,Kochab,931.81,2797.1,408.6
Altair,Thuban,79.64,241.66,134.1
Alphard,Phoenix,670.84,4810.39,19.2
Kochab,Wasat,547.8,1725.36,69.2
Cassiopeia,ZetaReticuli,823.94,4421.22,220.8
Sadr,Andromeda,584.11,1212.08,62.1
Nashira,Altair,250.15,1749.38,152.1
Mirfak,Vindemiatrix,311.76,1471.94,187.9
ZetaReticuli,Saiph,579.82,2826.11,497.9
KausAustralis,Achernar,705.97,1029.78,131.6
Jabbah,Elnath,128.5,3265.18,71.1
Sadr,Kepler22b,353.17,3377.67,427.5
Alnitak,Andromeda,493.32,4198.26,325.0
AlphaCentauri,Hamal,383.13,137.68,193.4
Alkaid,Altair,113.36,4783.6,63.8
Lesath,Nashira,777.65,3476.55,185.6
